image_path,root_mask_path,shoot_mask_path,seed_mask_path
/home/y2b/2025-26b-fai2-adsai-OleksiiKrasnoshtanov240247/DataLabs/data/raw/Y2B_23/images/test/030_43-19-ROOT1-2023-08-08_pvdCherry_OD001_Col0_04-Fish Eye Corrected.png,/home/y2b/2025-26b-fai2-adsai-OleksiiKrasnoshtanov240247/DataLabs/data/raw/Y2B_23/masks/030_43-19-ROOT1-2023-08-08_pvdCherry_OD001_Col0_04-Fish Eye Corrected_root_mask.tif,/home/y2b/2025-26b-fai2-adsai-OleksiiKrasnoshtanov240247/DataLabs/data/raw/Y2B_23/masks/030_43-19-ROOT1-2023-08-08_pvdCherry_OD001_Col0_04-Fish Eye Corrected_shoot_mask.tif,/home/y2b/2025-26b-fai2-adsai-OleksiiKrasnoshtanov240247/DataLabs/data/raw/Y2B_23/masks/030_43-19-ROOT1-2023-08-08_pvdCherry_OD001_Col0_04-Fish Eye Corrected_seed_mask.tif
/home/y2b/2025-26b-fai2-adsai-OleksiiKrasnoshtanov240247/DataLabs/data/raw/Y2B_23/images/test/030_43-2-ROOT1-2023-08-08_pvdCherry_OD001_Col0_05-Fish Eye Corrected.png,/home/y2b/2025-26b-fai2-adsai-OleksiiKrasnoshtanov240247/DataLabs/data/raw/Y2B_23/masks/030_43-2-ROOT1-2023-08-08_pvdCherry_OD001_Col0_05-Fish Eye Corrected_root_mask.tif,/home/y2b/2025-26b-fai2-adsai-OleksiiKrasnoshtanov240247/DataLabs/data/raw/Y2B_23/masks/030_43-2-ROOT1-2023-08-08_pvdCherry_OD001_Col0_05-Fish Eye Corrected_shoot_mask.tif,/home/y2b/2025-26b-fai2-adsai-OleksiiKrasnoshtanov240247/DataLabs/data/raw/Y2B_23/masks/030_43-2-ROOT1-2023-08-08_pvdCherry_OD001_Col0_05-Fish Eye Corrected_seed_mask.tif
/home/y2b/2025-26b-fai2-adsai-OleksiiKrasnoshtanov240247/DataLabs/data/raw/Y2B_23/images/test/031_43-18-ROOT1-2023-08-08_pvd_OD0001_col-0_05-Fish Eye Corrected.png,/home/y2b/2025-26b-fai2-adsai-OleksiiKrasnoshtanov240247/DataLabs/data/raw/Y2B_23/masks/031_43-18-ROOT1-2023-08-08_pvd_OD0001_col-0_05-Fish Eye Corrected_root_mask.tif,/home/y2b/2025-26b-fai2-adsai-OleksiiKrasnoshtanov240247/DataLabs/data/raw/Y2B_23/masks/031_43-18-ROOT1-2023-08-08_pvd_OD0001_col-0_05-Fish Eye Corrected_shoot_mask.tif,/home/y2b/2025-26b-fai2-adsai-OleksiiKrasnoshtanov240247/DataLabs/data/raw/Y2B_23/masks/031_43-18-ROOT1-2023-08-08_pvd_OD0001_col-0_05-Fish Eye Corrected_seed_mask.tif
/home/y2b/2025-26b-fai2-adsai-OleksiiKrasnoshtanov240247/DataLabs/data/raw/Y2B_23/images/test/031_43-6-ROOT1-2023-08-08_control_pH7_-Fe+B_f6h1_02-Fish Eye Corrected.png,/home/y2b/2025-26b-fai2-adsai-OleksiiKrasnoshtanov240247/DataLabs/data/raw/Y2B_23/masks/031_43-6-ROOT1-2023-08-08_control_pH7_-Fe+B_f6h1_02-Fish Eye Corrected_root_mask.tif,/home/y2b/2025-26b-fai2-adsai-OleksiiKrasnoshtanov240247/DataLabs/data/raw/Y2B_23/masks/031_43-6-ROOT1-2023-08-08_control_pH7_-Fe+B_f6h1_02-Fish Eye Corrected_shoot_mask.tif,/home/y2b/2025-26b-fai2-adsai-OleksiiKrasnoshtanov240247/DataLabs/data/raw/Y2B_23/masks/031_43-6-ROOT1-2023-08-08_control_pH7_-Fe+B_f6h1_02-Fish Eye Corrected_seed_mask.tif
/home/y2b/2025-26b-fai2-adsai-OleksiiKrasnoshtanov240247/DataLabs/data/raw/Y2B_23/images/test/032_43-17-ROOT1-2023-08-08_pvd_OD0001_col-0_04-Fish Eye Corrected.png,/home/y2b/2025-26b-fai2-adsai-OleksiiKrasnoshtanov240247/DataLabs/data/raw/Y2B_23/masks/032_43-17-ROOT1-2023-08-08_pvd_OD0001_col-0_04-Fish Eye Corrected_root_mask.tif,/home/y2b/2025-26b-fai2-adsai-OleksiiKrasnoshtanov240247/DataLabs/data/raw/Y2B_23/masks/032_43-17-ROOT1-2023-08-08_pvd_OD0001_col-0_04-Fish Eye Corrected_shoot_mask.tif,/home/y2b/2025-26b-fai2-adsai-OleksiiKrasnoshtanov240247/DataLabs/data/raw/Y2B_23/masks/032_43-17-ROOT1-2023-08-08_pvd_OD0001_col-0_04-Fish Eye Corrected_seed_mask.tif
/home/y2b/2025-26b-fai2-adsai-OleksiiKrasnoshtanov240247/DataLabs/data/raw/Y2B_23/images/test/032_43-6-ROOT1-2023-08-08_pvd_OD01_Col0_01-Fish Eye Corrected.png,/home/y2b/2025-26b-fai2-adsai-OleksiiKrasnoshtanov240247/DataLabs/data/raw/Y2B_23/masks/032_43-6-ROOT1-2023-08-08_pvd_OD01_Col0_01-Fish Eye Corrected_root_mask.tif,/home/y2b/2025-26b-fai2-adsai-OleksiiKrasnoshtanov240247/DataLabs/data/raw/Y2B_23/masks/032_43-6-ROOT1-2023-08-08_pvd_OD01_Col0_01-Fish Eye Corrected_shoot_mask.tif,/home/y2b/2025-26b-fai2-adsai-OleksiiKrasnoshtanov240247/DataLabs/data/raw/Y2B_23/masks/032_43-6-ROOT1-2023-08-08_pvd_OD01_Col0_01-Fish Eye Corrected_seed_mask.tif
/home/y2b/2025-26b-fai2-adsai-OleksiiKrasnoshtanov240247/DataLabs/data/raw/Y2B_23/images/test/033_43-13-ROOT1-2023-08-08_pvd_OD01_Col0_02-Fish Eye Corrected.png,/home/y2b/2025-26b-fai2-adsai-OleksiiKrasnoshtanov240247/DataLabs/data/raw/Y2B_23/masks/033_43-13-ROOT1-2023-08-08_pvd_OD01_Col0_02-Fish Eye Corrected_root_mask.tif,/home/y2b/2025-26b-fai2-adsai-OleksiiKrasnoshtanov240247/DataLabs/data/raw/Y2B_23/masks/033_43-13-ROOT1-2023-08-08_pvd_OD01_Col0_02-Fish Eye Corrected_shoot_mask.tif,/home/y2b/2025-26b-fai2-adsai-OleksiiKrasnoshtanov240247/DataLabs/data/raw/Y2B_23/masks/033_43-13-ROOT1-2023-08-08_pvd_OD01_Col0_02-Fish Eye Corrected_seed_mask.tif
/home/y2b/2025-26b-fai2-adsai-OleksiiKrasnoshtanov240247/DataLabs/data/raw/Y2B_23/images/test/033_43-14-ROOT1-2023-08-08_control_pH7_-Fe+B_col0_03-Fish Eye Corrected.png,/home/y2b/2025-26b-fai2-adsai-OleksiiKrasnoshtanov240247/DataLabs/data/raw/Y2B_23/masks/033_43-14-ROOT1-2023-08-08_control_pH7_-Fe+B_col0_03-Fish Eye Corrected_root_mask.tif,/home/y2b/2025-26b-fai2-adsai-OleksiiKrasnoshtanov240247/DataLabs/data/raw/Y2B_23/masks/033_43-14-ROOT1-2023-08-08_control_pH7_-Fe+B_col0_03-Fish Eye Corrected_shoot_mask.tif,/home/y2b/2025-26b-fai2-adsai-OleksiiKrasnoshtanov240247/DataLabs/data/raw/Y2B_23/masks/033_43-14-ROOT1-2023-08-08_control_pH7_-Fe+B_col0_03-Fish Eye Corrected_seed_mask.tif
/home/y2b/2025-26b-fai2-adsai-OleksiiKrasnoshtanov240247/DataLabs/data/raw/Y2B_23/images/test/033_43-14-ROOT1-2023-08-08_pvdCherry_OD001_Col0_05-Fish Eye Corrected.png,/home/y2b/2025-26b-fai2-adsai-OleksiiKrasnoshtanov240247/DataLabs/data/raw/Y2B_23/masks/033_43-14-ROOT1-2023-08-08_pvdCherry_OD001_Col0_05-Fish Eye Corrected_root_mask.tif,/home/y2b/2025-26b-fai2-adsai-OleksiiKrasnoshtanov240247/DataLabs/data/raw/Y2B_23/masks/033_43-14-ROOT1-2023-08-08_pvdCherry_OD001_Col0_05-Fish Eye Corrected_shoot_mask.tif,/home/y2b/2025-26b-fai2-adsai-OleksiiKrasnoshtanov240247/DataLabs/data/raw/Y2B_23/masks/033_43-14-ROOT1-2023-08-08_pvdCherry_OD001_Col0_05-Fish Eye Corrected_seed_mask.tif
/home/y2b/2025-26b-fai2-adsai-OleksiiKrasnoshtanov240247/DataLabs/data/raw/Y2B_23/images/test/034_43-13-ROOT1-2023-08-08_control_pH7_-Fe+B_col0_02-Fish Eye Corrected.png,/home/y2b/2025-26b-fai2-adsai-OleksiiKrasnoshtanov240247/DataLabs/data/raw/Y2B_23/masks/034_43-13-ROOT1-2023-08-08_control_pH7_-Fe+B_col0_02-Fish Eye Corrected_root_mask.tif,/home/y2b/2025-26b-fai2-adsai-OleksiiKrasnoshtanov240247/DataLabs/data/raw/Y2B_23/masks/034_43-13-ROOT1-2023-08-08_control_pH7_-Fe+B_col0_02-Fish Eye Corrected_shoot_mask.tif,/home/y2b/2025-26b-fai2-adsai-OleksiiKrasnoshtanov240247/DataLabs/data/raw/Y2B_23/masks/034_43-13-ROOT1-2023-08-08_control_pH7_-Fe+B_col0_02-Fish Eye Corrected_seed_mask.tif
/home/y2b/2025-26b-fai2-adsai-OleksiiKrasnoshtanov240247/DataLabs/data/raw/Y2B_23/images/test/034_43-13-ROOT1-2023-08-08_pvd_OD0001_col-0_04-Fish Eye Corrected.png,/home/y2b/2025-26b-fai2-adsai-OleksiiKrasnoshtanov240247/DataLabs/data/raw/Y2B_23/masks/034_43-13-ROOT1-2023-08-08_pvd_OD0001_col-0_04-Fish Eye Corrected_root_mask.tif,/home/y2b/2025-26b-fai2-adsai-OleksiiKrasnoshtanov240247/DataLabs/data/raw/Y2B_23/masks/034_43-13-ROOT1-2023-08-08_pvd_OD0001_col-0_04-Fish Eye Corrected_shoot_mask.tif,/home/y2b/2025-26b-fai2-adsai-OleksiiKrasnoshtanov240247/DataLabs/data/raw/Y2B_23/masks/034_43-13-ROOT1-2023-08-08_pvd_OD0001_col-0_04-Fish Eye Corrected_seed_mask.tif
/home/y2b/2025-26b-fai2-adsai-OleksiiKrasnoshtanov240247/DataLabs/data/raw/Y2B_23/images/test/034_43-14-ROOT1-2023-08-08_pvdCherry_OD001_Col0_02-Fish Eye Corrected.png,/home/y2b/2025-26b-fai2-adsai-OleksiiKrasnoshtanov240247/DataLabs/data/raw/Y2B_23/masks/034_43-14-ROOT1-2023-08-08_pvdCherry_OD001_Col0_02-Fish Eye Corrected_root_mask.tif,/home/y2b/2025-26b-fai2-adsai-OleksiiKrasnoshtanov240247/DataLabs/data/raw/Y2B_23/masks/034_43-14-ROOT1-2023-08-08_pvdCherry_OD001_Col0_02-Fish Eye Corrected_shoot_mask.tif,/home/y2b/2025-26b-fai2-adsai-OleksiiKrasnoshtanov240247/DataLabs/data/raw/Y2B_23/masks/034_43-14-ROOT1-2023-08-08_pvdCherry_OD001_Col0_02-Fish Eye Corrected_seed_mask.tif
/home/y2b/2025-26b-fai2-adsai-OleksiiKrasnoshtanov240247/DataLabs/data/raw/Y2B_23/images/test/035_43-14-ROOT1-2023-08-08_pvd_OD01_f6h1_03-Fish Eye Corrected.png,/home/y2b/2025-26b-fai2-adsai-OleksiiKrasnoshtanov240247/DataLabs/data/raw/Y2B_23/masks/035_43-14-ROOT1-2023-08-08_pvd_OD01_f6h1_03-Fish Eye Corrected_root_mask.tif,/home/y2b/2025-26b-fai2-adsai-OleksiiKrasnoshtanov240247/DataLabs/data/raw/Y2B_23/masks/035_43-14-ROOT1-2023-08-08_pvd_OD01_f6h1_03-Fish Eye Corrected_shoot_mask.tif,/home/y2b/2025-26b-fai2-adsai-OleksiiKrasnoshtanov240247/DataLabs/data/raw/Y2B_23/masks/035_43-14-ROOT1-2023-08-08_pvd_OD01_f6h1_03-Fish Eye Corrected_seed_mask.tif
/home/y2b/2025-26b-fai2-adsai-OleksiiKrasnoshtanov240247/DataLabs/data/raw/Y2B_23/images/test/035_43-17-ROOT1-2023-08-08_mock_pH5_+Fe_Col0_04-Fish Eye Corrected.png,/home/y2b/2025-26b-fai2-adsai-OleksiiKrasnoshtanov240247/DataLabs/data/raw/Y2B_23/masks/035_43-17-ROOT1-2023-08-08_mock_pH5_+Fe_Col0_04-Fish Eye Corrected_root_mask.tif,/home/y2b/2025-26b-fai2-adsai-OleksiiKrasnoshtanov240247/DataLabs/data/raw/Y2B_23/masks/035_43-17-ROOT1-2023-08-08_mock_pH5_+Fe_Col0_04-Fish Eye Corrected_shoot_mask.tif,/home/y2b/2025-26b-fai2-adsai-OleksiiKrasnoshtanov240247/DataLabs/data/raw/Y2B_23/masks/035_43-17-ROOT1-2023-08-08_mock_pH5_+Fe_Col0_04-Fish Eye Corrected_seed_mask.tif
/home/y2b/2025-26b-fai2-adsai-OleksiiKrasnoshtanov240247/DataLabs/data/raw/Y2B_23/images/test/035_43-19-ROOT1-2023-08-08_pvd_OD01_f6h1_05-Fish Eye Corrected.png,/home/y2b/2025-26b-fai2-adsai-OleksiiKrasnoshtanov240247/DataLabs/data/raw/Y2B_23/masks/035_43-19-ROOT1-2023-08-08_pvd_OD01_f6h1_05-Fish Eye Corrected_root_mask.tif,/home/y2b/2025-26b-fai2-adsai-OleksiiKrasnoshtanov240247/DataLabs/data/raw/Y2B_23/masks/035_43-19-ROOT1-2023-08-08_pvd_OD01_f6h1_05-Fish Eye Corrected_shoot_mask.tif,/home/y2b/2025-26b-fai2-adsai-OleksiiKrasnoshtanov240247/DataLabs/data/raw/Y2B_23/masks/035_43-19-ROOT1-2023-08-08_pvd_OD01_f6h1_05-Fish Eye Corrected_seed_mask.tif
/home/y2b/2025-26b-fai2-adsai-OleksiiKrasnoshtanov240247/DataLabs/data/raw/Y2B_23/images/test/036_43-11-ROOT1-2023-08-08_pvd_OD0001_col-0_03-Fish Eye Corrected.png,/home/y2b/2025-26b-fai2-adsai-OleksiiKrasnoshtanov240247/DataLabs/data/raw/Y2B_23/masks/036_43-11-ROOT1-2023-08-08_pvd_OD0001_col-0_03-Fish Eye Corrected_root_mask.tif,/home/y2b/2025-26b-fai2-adsai-OleksiiKrasnoshtanov240247/DataLabs/data/raw/Y2B_23/masks/036_43-11-ROOT1-2023-08-08_pvd_OD0001_col-0_03-Fish Eye Corrected_shoot_mask.tif,/home/y2b/2025-26b-fai2-adsai-OleksiiKrasnoshtanov240247/DataLabs/data/raw/Y2B_23/masks/036_43-11-ROOT1-2023-08-08_pvd_OD0001_col-0_03-Fish Eye Corrected_seed_mask.tif
/home/y2b/2025-26b-fai2-adsai-OleksiiKrasnoshtanov240247/DataLabs/data/raw/Y2B_23/images/test/036_43-13-ROOT1-2023-08-08_pvd_OD01_Col0_01-Fish Eye Corrected.png,/home/y2b/2025-26b-fai2-adsai-OleksiiKrasnoshtanov240247/DataLabs/data/raw/Y2B_23/masks/036_43-13-ROOT1-2023-08-08_pvd_OD01_Col0_01-Fish Eye Corrected_root_mask.tif,/home/y2b/2025-26b-fai2-adsai-OleksiiKrasnoshtanov240247/DataLabs/data/raw/Y2B_23/masks/036_43-13-ROOT1-2023-08-08_pvd_OD01_Col0_01-Fish Eye Corrected_shoot_mask.tif,/home/y2b/2025-26b-fai2-adsai-OleksiiKrasnoshtanov240247/DataLabs/data/raw/Y2B_23/masks/036_43-13-ROOT1-2023-08-08_pvd_OD01_Col0_01-Fish Eye Corrected_seed_mask.tif
/home/y2b/2025-26b-fai2-adsai-OleksiiKrasnoshtanov240247/DataLabs/data/raw/Y2B_23/images/test/036_43-18-ROOT1-2023-08-08_mock_pH5_+Fe_Col0_03-Fish Eye Corrected.png,/home/y2b/2025-26b-fai2-adsai-OleksiiKrasnoshtanov240247/DataLabs/data/raw/Y2B_23/masks/036_43-18-ROOT1-2023-08-08_mock_pH5_+Fe_Col0_03-Fish Eye Corrected_root_mask.tif,/home/y2b/2025-26b-fai2-adsai-OleksiiKrasnoshtanov240247/DataLabs/data/raw/Y2B_23/masks/036_43-18-ROOT1-2023-08-08_mock_pH5_+Fe_Col0_03-Fish Eye Corrected_shoot_mask.tif,/home/y2b/2025-26b-fai2-adsai-OleksiiKrasnoshtanov240247/DataLabs/data/raw/Y2B_23/masks/036_43-18-ROOT1-2023-08-08_mock_pH5_+Fe_Col0_03-Fish Eye Corrected_seed_mask.tif
/home/y2b/2025-26b-fai2-adsai-OleksiiKrasnoshtanov240247/DataLabs/data/raw/Y2B_23/images/test/037_43-11-ROOT1-2023-08-08_mock_pH5_f6h1_01-Fish Eye Corrected.png,FALSE,FALSE,FALSE
/home/y2b/2025-26b-fai2-adsai-OleksiiKrasnoshtanov240247/DataLabs/data/raw/Y2B_23/images/test/037_43-14-ROOT1-2023-08-08_mock_pH5_+Fe_Col0_04-Fish Eye Corrected.png,FALSE,FALSE,FALSE
/home/y2b/2025-26b-fai2-adsai-OleksiiKrasnoshtanov240247/DataLabs/data/raw/Y2B_23/images/test/037_43-18-ROOT1-2023-08-08_mock_pH5_+Fe_Col0_04-Fish Eye Corrected.png,FALSE,FALSE,FALSE
/home/y2b/2025-26b-fai2-adsai-OleksiiKrasnoshtanov240247/DataLabs/data/raw/Y2B_23/images/test/038_43-13-ROOT1-2023-08-08_control_pH7_-Fe+B_col0_04-Fish Eye Corrected.png,/home/y2b/2025-26b-fai2-adsai-OleksiiKrasnoshtanov240247/DataLabs/data/raw/Y2B_23/masks/038_43-13-ROOT1-2023-08-08_control_pH7_-Fe+B_col0_04-Fish Eye Corrected_root_mask.tif,/home/y2b/2025-26b-fai2-adsai-OleksiiKrasnoshtanov240247/DataLabs/data/raw/Y2B_23/masks/038_43-13-ROOT1-2023-08-08_control_pH7_-Fe+B_col0_04-Fish Eye Corrected_shoot_mask.tif,/home/y2b/2025-26b-fai2-adsai-OleksiiKrasnoshtanov240247/DataLabs/data/raw/Y2B_23/masks/038_43-13-ROOT1-2023-08-08_control_pH7_-Fe+B_col0_04-Fish Eye Corrected_seed_mask.tif
/home/y2b/2025-26b-fai2-adsai-OleksiiKrasnoshtanov240247/DataLabs/data/raw/Y2B_23/images/test/038_43-14-ROOT1-2023-08-08_pvdCherry_OD001_f6h1_04-Fish Eye Corrected.png,/home/y2b/2025-26b-fai2-adsai-OleksiiKrasnoshtanov240247/DataLabs/data/raw/Y2B_23/masks/038_43-14-ROOT1-2023-08-08_pvdCherry_OD001_f6h1_04-Fish Eye Corrected_root_mask.tif,/home/y2b/2025-26b-fai2-adsai-OleksiiKrasnoshtanov240247/DataLabs/data/raw/Y2B_23/masks/038_43-14-ROOT1-2023-08-08_pvdCherry_OD001_f6h1_04-Fish Eye Corrected_shoot_mask.tif,/home/y2b/2025-26b-fai2-adsai-OleksiiKrasnoshtanov240247/DataLabs/data/raw/Y2B_23/masks/038_43-14-ROOT1-2023-08-08_pvdCherry_OD001_f6h1_04-Fish Eye Corrected_seed_mask.tif
/home/y2b/2025-26b-fai2-adsai-OleksiiKrasnoshtanov240247/DataLabs/data/raw/Y2B_23/images/test/038_43-18-ROOT1-2023-08-08_pvd_OD01_Col0_05-Fish Eye Corrected.png,/home/y2b/2025-26b-fai2-adsai-OleksiiKrasnoshtanov240247/DataLabs/data/raw/Y2B_23/masks/038_43-18-ROOT1-2023-08-08_pvd_OD01_Col0_05-Fish Eye Corrected_root_mask.tif,/home/y2b/2025-26b-fai2-adsai-OleksiiKrasnoshtanov240247/DataLabs/data/raw/Y2B_23/masks/038_43-18-ROOT1-2023-08-08_pvd_OD01_Col0_05-Fish Eye Corrected_shoot_mask.tif,/home/y2b/2025-26b-fai2-adsai-OleksiiKrasnoshtanov240247/DataLabs/data/raw/Y2B_23/masks/038_43-18-ROOT1-2023-08-08_pvd_OD01_Col0_05-Fish Eye Corrected_seed_mask.tif
/home/y2b/2025-26b-fai2-adsai-OleksiiKrasnoshtanov240247/DataLabs/data/raw/Y2B_23/images/test/039_43-11-ROOT1-2023-08-08_mock_pH5_f6h1_02-Fish Eye Corrected.png,/home/y2b/2025-26b-fai2-adsai-OleksiiKrasnoshtanov240247/DataLabs/data/raw/Y2B_23/masks/039_43-11-ROOT1-2023-08-08_mock_pH5_f6h1_02-Fish Eye Corrected_root_mask.tif,/home/y2b/2025-26b-fai2-adsai-OleksiiKrasnoshtanov240247/DataLabs/data/raw/Y2B_23/masks/039_43-11-ROOT1-2023-08-08_mock_pH5_f6h1_02-Fish Eye Corrected_shoot_mask.tif,/home/y2b/2025-26b-fai2-adsai-OleksiiKrasnoshtanov240247/DataLabs/data/raw/Y2B_23/masks/039_43-11-ROOT1-2023-08-08_mock_pH5_f6h1_02-Fish Eye Corrected_seed_mask.tif
/home/y2b/2025-26b-fai2-adsai-OleksiiKrasnoshtanov240247/DataLabs/data/raw/Y2B_23/images/test/039_43-14-ROOT1-2023-08-08_mock_pH5_+Fe_Col0_03-Fish Eye Corrected.png,/home/y2b/2025-26b-fai2-adsai-OleksiiKrasnoshtanov240247/DataLabs/data/raw/Y2B_23/masks/039_43-14-ROOT1-2023-08-08_mock_pH5_+Fe_Col0_03-Fish Eye Corrected_root_mask.tif,/home/y2b/2025-26b-fai2-adsai-OleksiiKrasnoshtanov240247/DataLabs/data/raw/Y2B_23/masks/039_43-14-ROOT1-2023-08-08_mock_pH5_+Fe_Col0_03-Fish Eye Corrected_shoot_mask.tif,/home/y2b/2025-26b-fai2-adsai-OleksiiKrasnoshtanov240247/DataLabs/data/raw/Y2B_23/masks/039_43-14-ROOT1-2023-08-08_mock_pH5_+Fe_Col0_03-Fish Eye Corrected_seed_mask.tif
/home/y2b/2025-26b-fai2-adsai-OleksiiKrasnoshtanov240247/DataLabs/data/raw/Y2B_23/images/test/039_43-17-ROOT1-2023-08-08_mock_pH5_f6h1_04-Fish Eye Corrected.png,/home/y2b/2025-26b-fai2-adsai-OleksiiKrasnoshtanov240247/DataLabs/data/raw/Y2B_23/masks/039_43-17-ROOT1-2023-08-08_mock_pH5_f6h1_04-Fish Eye Corrected_root_mask.tif,/home/y2b/2025-26b-fai2-adsai-OleksiiKrasnoshtanov240247/DataLabs/data/raw/Y2B_23/masks/039_43-17-ROOT1-2023-08-08_mock_pH5_f6h1_04-Fish Eye Corrected_shoot_mask.tif,/home/y2b/2025-26b-fai2-adsai-OleksiiKrasnoshtanov240247/DataLabs/data/raw/Y2B_23/masks/039_43-17-ROOT1-2023-08-08_mock_pH5_f6h1_04-Fish Eye Corrected_seed_mask.tif
/home/y2b/2025-26b-fai2-adsai-OleksiiKrasnoshtanov240247/DataLabs/data/raw/Y2B_23/images/test/040_43-14-ROOT1-2023-08-08_pvdCherry_OD001_Col0_03-Fish Eye Corrected.png,/home/y2b/2025-26b-fai2-adsai-OleksiiKrasnoshtanov240247/DataLabs/data/raw/Y2B_23/masks/040_43-14-ROOT1-2023-08-08_pvdCherry_OD001_Col0_03-Fish Eye Corrected_root_mask.tif,/home/y2b/2025-26b-fai2-adsai-OleksiiKrasnoshtanov240247/DataLabs/data/raw/Y2B_23/masks/040_43-14-ROOT1-2023-08-08_pvdCherry_OD001_Col0_03-Fish Eye Corrected_shoot_mask.tif,/home/y2b/2025-26b-fai2-adsai-OleksiiKrasnoshtanov240247/DataLabs/data/raw/Y2B_23/masks/040_43-14-ROOT1-2023-08-08_pvdCherry_OD001_Col0_03-Fish Eye Corrected_seed_mask.tif
/home/y2b/2025-26b-fai2-adsai-OleksiiKrasnoshtanov240247/DataLabs/data/raw/Y2B_23/images/test/040_43-14-ROOT1-2023-08-08_pvd_OD001_Col0_01-Fish Eye Corrected.png,/home/y2b/2025-26b-fai2-adsai-OleksiiKrasnoshtanov240247/DataLabs/data/raw/Y2B_23/masks/040_43-14-ROOT1-2023-08-08_pvd_OD001_Col0_01-Fish Eye Corrected_root_mask.tif,/home/y2b/2025-26b-fai2-adsai-OleksiiKrasnoshtanov240247/DataLabs/data/raw/Y2B_23/masks/040_43-14-ROOT1-2023-08-08_pvd_OD001_Col0_01-Fish Eye Corrected_shoot_mask.tif,/home/y2b/2025-26b-fai2-adsai-OleksiiKrasnoshtanov240247/DataLabs/data/raw/Y2B_23/masks/040_43-14-ROOT1-2023-08-08_pvd_OD001_Col0_01-Fish Eye Corrected_seed_mask.tif
/home/y2b/2025-26b-fai2-adsai-OleksiiKrasnoshtanov240247/DataLabs/data/raw/Y2B_23/images/test/040_43-18-ROOT1-2023-08-08_pvd_OD01_Col0_03-Fish Eye Corrected.png,/home/y2b/2025-26b-fai2-adsai-OleksiiKrasnoshtanov240247/DataLabs/data/raw/Y2B_23/masks/040_43-18-ROOT1-2023-08-08_pvd_OD01_Col0_03-Fish Eye Corrected_root_mask.tif,/home/y2b/2025-26b-fai2-adsai-OleksiiKrasnoshtanov240247/DataLabs/data/raw/Y2B_23/masks/040_43-18-ROOT1-2023-08-08_pvd_OD01_Col0_03-Fish Eye Corrected_shoot_mask.tif,/home/y2b/2025-26b-fai2-adsai-OleksiiKrasnoshtanov240247/DataLabs/data/raw/Y2B_23/masks/040_43-18-ROOT1-2023-08-08_pvd_OD01_Col0_03-Fish Eye Corrected_seed_mask.tif
/home/y2b/2025-26b-fai2-adsai-OleksiiKrasnoshtanov240247/DataLabs/data/raw/Y2B_23/images/train/000_43-18-ROOT1-2023-08-08_pvdCherry_OD001_Col0_01-Fish Eye Corrected.png,FALSE,FALSE,FALSE
/home/y2b/2025-26b-fai2-adsai-OleksiiKrasnoshtanov240247/DataLabs/data/raw/Y2B_23/images/train/000_43-2-ROOT1-2023-08-08_pvd_OD0001_f6h1_02-Fish Eye Corrected.png,FALSE,FALSE,FALSE
/home/y2b/2025-26b-fai2-adsai-OleksiiKrasnoshtanov240247/DataLabs/data/raw/Y2B_23/images/train/001_43-18-ROOT1-2023-08-08_pvd_OD001_Col0_02-Fish Eye Corrected.png,/home/y2b/2025-26b-fai2-adsai-OleksiiKrasnoshtanov240247/DataLabs/data/raw/Y2B_23/masks/001_43-18-ROOT1-2023-08-08_pvd_OD001_Col0_02-Fish Eye Corrected_root_mask.tif,/home/y2b/2025-26b-fai2-adsai-OleksiiKrasnoshtanov240247/DataLabs/data/raw/Y2B_23/masks/001_43-18-ROOT1-2023-08-08_pvd_OD001_Col0_02-Fish Eye Corrected_shoot_mask.tif,/home/y2b/2025-26b-fai2-adsai-OleksiiKrasnoshtanov240247/DataLabs/data/raw/Y2B_23/masks/001_43-18-ROOT1-2023-08-08_pvd_OD001_Col0_02-Fish Eye Corrected_seed_mask.tif
/home/y2b/2025-26b-fai2-adsai-OleksiiKrasnoshtanov240247/DataLabs/data/raw/Y2B_23/images/train/001_43-6-ROOT1-2023-08-08_pvdCherry_OD001_Col0_04-Fish Eye Corrected.png,/home/y2b/2025-26b-fai2-adsai-OleksiiKrasnoshtanov240247/DataLabs/data/raw/Y2B_23/masks/001_43-6-ROOT1-2023-08-08_pvdCherry_OD001_Col0_04-Fish Eye Corrected_root_mask.tif,/home/y2b/2025-26b-fai2-adsai-OleksiiKrasnoshtanov240247/DataLabs/data/raw/Y2B_23/masks/001_43-6-ROOT1-2023-08-08_pvdCherry_OD001_Col0_04-Fish Eye Corrected_shoot_mask.tif,/home/y2b/2025-26b-fai2-adsai-OleksiiKrasnoshtanov240247/DataLabs/data/raw/Y2B_23/masks/001_43-6-ROOT1-2023-08-08_pvdCherry_OD001_Col0_04-Fish Eye Corrected_seed_mask.tif
/home/y2b/2025-26b-fai2-adsai-OleksiiKrasnoshtanov240247/DataLabs/data/raw/Y2B_23/images/train/002_43-19-ROOT1-2023-08-08_pvd_OD001_Col0_01-Fish Eye Corrected.png,/home/y2b/2025-26b-fai2-adsai-OleksiiKrasnoshtanov240247/DataLabs/data/raw/Y2B_23/masks/002_43-19-ROOT1-2023-08-08_pvd_OD001_Col0_01-Fish Eye Corrected_root_mask.tif,/home/y2b/2025-26b-fai2-adsai-OleksiiKrasnoshtanov240247/DataLabs/data/raw/Y2B_23/masks/002_43-19-ROOT1-2023-08-08_pvd_OD001_Col0_01-Fish Eye Corrected_shoot_mask.tif,/home/y2b/2025-26b-fai2-adsai-OleksiiKrasnoshtanov240247/DataLabs/data/raw/Y2B_23/masks/002_43-19-ROOT1-2023-08-08_pvd_OD001_Col0_01-Fish Eye Corrected_seed_mask.tif
/home/y2b/2025-26b-fai2-adsai-OleksiiKrasnoshtanov240247/DataLabs/data/raw/Y2B_23/images/train/002_43-6-ROOT1-2023-08-08_pvd_OD001_Col0_01-Fish Eye Corrected.png,/home/y2b/2025-26b-fai2-adsai-OleksiiKrasnoshtanov240247/DataLabs/data/raw/Y2B_23/masks/002_43-6-ROOT1-2023-08-08_pvd_OD001_Col0_01-Fish Eye Corrected_root_mask.tif,/home/y2b/2025-26b-fai2-adsai-OleksiiKrasnoshtanov240247/DataLabs/data/raw/Y2B_23/masks/002_43-6-ROOT1-2023-08-08_pvd_OD001_Col0_01-Fish Eye Corrected_shoot_mask.tif,/home/y2b/2025-26b-fai2-adsai-OleksiiKrasnoshtanov240247/DataLabs/data/raw/Y2B_23/masks/002_43-6-ROOT1-2023-08-08_pvd_OD001_Col0_01-Fish Eye Corrected_seed_mask.tif
/home/y2b/2025-26b-fai2-adsai-OleksiiKrasnoshtanov240247/DataLabs/data/raw/Y2B_23/images/train/003_43-18-ROOT1-2023-08-08_pvdCherry_OD01_f6h1_01-Fish Eye Corrected.png,/home/y2b/2025-26b-fai2-adsai-OleksiiKrasnoshtanov240247/DataLabs/data/raw/Y2B_23/masks/003_43-18-ROOT1-2023-08-08_pvdCherry_OD01_f6h1_01-Fish Eye Corrected_root_mask.tif,/home/y2b/2025-26b-fai2-adsai-OleksiiKrasnoshtanov240247/DataLabs/data/raw/Y2B_23/masks/003_43-18-ROOT1-2023-08-08_pvdCherry_OD01_f6h1_01-Fish Eye Corrected_shoot_mask.tif,/home/y2b/2025-26b-fai2-adsai-OleksiiKrasnoshtanov240247/DataLabs/data/raw/Y2B_23/masks/003_43-18-ROOT1-2023-08-08_pvdCherry_OD01_f6h1_01-Fish Eye Corrected_seed_mask.tif
/home/y2b/2025-26b-fai2-adsai-OleksiiKrasnoshtanov240247/DataLabs/data/raw/Y2B_23/images/train/003_43-6-ROOT1-2023-08-08_pvd_OD0001_f6h1_03-Fish Eye Corrected.png,/home/y2b/2025-26b-fai2-adsai-OleksiiKrasnoshtanov240247/DataLabs/data/raw/Y2B_23/masks/003_43-6-ROOT1-2023-08-08_pvd_OD0001_f6h1_03-Fish Eye Corrected_root_mask.tif,/home/y2b/2025-26b-fai2-adsai-OleksiiKrasnoshtanov240247/DataLabs/data/raw/Y2B_23/masks/003_43-6-ROOT1-2023-08-08_pvd_OD0001_f6h1_03-Fish Eye Corrected_shoot_mask.tif,/home/y2b/2025-26b-fai2-adsai-OleksiiKrasnoshtanov240247/DataLabs/data/raw/Y2B_23/masks/003_43-6-ROOT1-2023-08-08_pvd_OD0001_f6h1_03-Fish Eye Corrected_seed_mask.tif
/home/y2b/2025-26b-fai2-adsai-OleksiiKrasnoshtanov240247/DataLabs/data/raw/Y2B_23/images/train/004_43-11-ROOT1-2023-08-08_pvdCherry_OD0001_f6h1_03-Fish Eye Corrected.png,/home/y2b/2025-26b-fai2-adsai-OleksiiKrasnoshtanov240247/DataLabs/data/raw/Y2B_23/masks/004_43-11-ROOT1-2023-08-08_pvdCherry_OD0001_f6h1_03-Fish Eye Corrected_root_mask.tif,/home/y2b/2025-26b-fai2-adsai-OleksiiKrasnoshtanov240247/DataLabs/data/raw/Y2B_23/masks/004_43-11-ROOT1-2023-08-08_pvdCherry_OD0001_f6h1_03-Fish Eye Corrected_shoot_mask.tif,/home/y2b/2025-26b-fai2-adsai-OleksiiKrasnoshtanov240247/DataLabs/data/raw/Y2B_23/masks/004_43-11-ROOT1-2023-08-08_pvdCherry_OD0001_f6h1_03-Fish Eye Corrected_seed_mask.tif
/home/y2b/2025-26b-fai2-adsai-OleksiiKrasnoshtanov240247/DataLabs/data/raw/Y2B_23/images/train/004_43-17-ROOT1-2023-08-08_pvd_OD001_f6h1_04-Fish Eye Corrected.png,/home/y2b/2025-26b-fai2-adsai-OleksiiKrasnoshtanov240247/DataLabs/data/raw/Y2B_23/masks/004_43-17-ROOT1-2023-08-08_pvd_OD001_f6h1_04-Fish Eye Corrected_root_mask.tif,/home/y2b/2025-26b-fai2-adsai-OleksiiKrasnoshtanov240247/DataLabs/data/raw/Y2B_23/masks/004_43-17-ROOT1-2023-08-08_pvd_OD001_f6h1_04-Fish Eye Corrected_shoot_mask.tif,/home/y2b/2025-26b-fai2-adsai-OleksiiKrasnoshtanov240247/DataLabs/data/raw/Y2B_23/masks/004_43-17-ROOT1-2023-08-08_pvd_OD001_f6h1_04-Fish Eye Corrected_seed_mask.tif
/home/y2b/2025-26b-fai2-adsai-OleksiiKrasnoshtanov240247/DataLabs/data/raw/Y2B_23/images/train/005_43-18-ROOT1-2023-08-08_pvd_OD001_Col0_05-Fish Eye Corrected.png,/home/y2b/2025-26b-fai2-adsai-OleksiiKrasnoshtanov240247/DataLabs/data/raw/Y2B_23/masks/005_43-18-ROOT1-2023-08-08_pvd_OD001_Col0_05-Fish Eye Corrected_root_mask.tif,/home/y2b/2025-26b-fai2-adsai-OleksiiKrasnoshtanov240247/DataLabs/data/raw/Y2B_23/masks/005_43-18-ROOT1-2023-08-08_pvd_OD001_Col0_05-Fish Eye Corrected_shoot_mask.tif,/home/y2b/2025-26b-fai2-adsai-OleksiiKrasnoshtanov240247/DataLabs/data/raw/Y2B_23/masks/005_43-18-ROOT1-2023-08-08_pvd_OD001_Col0_05-Fish Eye Corrected_seed_mask.tif
/home/y2b/2025-26b-fai2-adsai-OleksiiKrasnoshtanov240247/DataLabs/data/raw/Y2B_23/images/train/005_43-2-ROOT1-2023-08-08_control_pH7_-Fe+B_col0_04-Fish Eye Corrected.png,/home/y2b/2025-26b-fai2-adsai-OleksiiKrasnoshtanov240247/DataLabs/data/raw/Y2B_23/masks/005_43-2-ROOT1-2023-08-08_control_pH7_-Fe+B_col0_04-Fish Eye Corrected_root_mask.tif,/home/y2b/2025-26b-fai2-adsai-OleksiiKrasnoshtanov240247/DataLabs/data/raw/Y2B_23/masks/005_43-2-ROOT1-2023-08-08_control_pH7_-Fe+B_col0_04-Fish Eye Corrected_shoot_mask.tif,/home/y2b/2025-26b-fai2-adsai-OleksiiKrasnoshtanov240247/DataLabs/data/raw/Y2B_23/masks/005_43-2-ROOT1-2023-08-08_control_pH7_-Fe+B_col0_04-Fish Eye Corrected_seed_mask.tif
/home/y2b/2025-26b-fai2-adsai-OleksiiKrasnoshtanov240247/DataLabs/data/raw/Y2B_23/images/train/006_43-17-ROOT1-2023-08-08_mock_pH5_f6h1_02-Fish Eye Corrected.png,/home/y2b/2025-26b-fai2-adsai-OleksiiKrasnoshtanov240247/DataLabs/data/raw/Y2B_23/masks/006_43-17-ROOT1-2023-08-08_mock_pH5_f6h1_02-Fish Eye Corrected_root_mask.tif,/home/y2b/2025-26b-fai2-adsai-OleksiiKrasnoshtanov240247/DataLabs/data/raw/Y2B_23/masks/006_43-17-ROOT1-2023-08-08_mock_pH5_f6h1_02-Fish Eye Corrected_shoot_mask.tif,/home/y2b/2025-26b-fai2-adsai-OleksiiKrasnoshtanov240247/DataLabs/data/raw/Y2B_23/masks/006_43-17-ROOT1-2023-08-08_mock_pH5_f6h1_02-Fish Eye Corrected_seed_mask.tif
/home/y2b/2025-26b-fai2-adsai-OleksiiKrasnoshtanov240247/DataLabs/data/raw/Y2B_23/images/train/006_43-6-ROOT1-2023-08-08_pvdCherry_OD001_Col0_01-Fish Eye Corrected.png,/home/y2b/2025-26b-fai2-adsai-OleksiiKrasnoshtanov240247/DataLabs/data/raw/Y2B_23/masks/006_43-6-ROOT1-2023-08-08_pvdCherry_OD001_Col0_01-Fish Eye Corrected_root_mask.tif,/home/y2b/2025-26b-fai2-adsai-OleksiiKrasnoshtanov240247/DataLabs/data/raw/Y2B_23/masks/006_43-6-ROOT1-2023-08-08_pvdCherry_OD001_Col0_01-Fish Eye Corrected_shoot_mask.tif,/home/y2b/2025-26b-fai2-adsai-OleksiiKrasnoshtanov240247/DataLabs/data/raw/Y2B_23/masks/006_43-6-ROOT1-2023-08-08_pvdCherry_OD001_Col0_01-Fish Eye Corrected_seed_mask.tif
/home/y2b/2025-26b-fai2-adsai-OleksiiKrasnoshtanov240247/DataLabs/data/raw/Y2B_23/images/train/007_43-18-ROOT1-2023-08-08_pvdCherry_OD001_Col0_05-Fish Eye Corrected.png,/home/y2b/2025-26b-fai2-adsai-OleksiiKrasnoshtanov240247/DataLabs/data/raw/Y2B_23/masks/007_43-18-ROOT1-2023-08-08_pvdCherry_OD001_Col0_05-Fish Eye Corrected_root_mask.tif,/home/y2b/2025-26b-fai2-adsai-OleksiiKrasnoshtanov240247/DataLabs/data/raw/Y2B_23/masks/007_43-18-ROOT1-2023-08-08_pvdCherry_OD001_Col0_05-Fish Eye Corrected_shoot_mask.tif,/home/y2b/2025-26b-fai2-adsai-OleksiiKrasnoshtanov240247/DataLabs/data/raw/Y2B_23/masks/007_43-18-ROOT1-2023-08-08_pvdCherry_OD001_Col0_05-Fish Eye Corrected_seed_mask.tif
/home/y2b/2025-26b-fai2-adsai-OleksiiKrasnoshtanov240247/DataLabs/data/raw/Y2B_23/images/train/007_43-6-ROOT1-2023-08-08_mock_pH5_f6h1_02-Fish Eye Corrected.png,/home/y2b/2025-26b-fai2-adsai-OleksiiKrasnoshtanov240247/DataLabs/data/raw/Y2B_23/masks/007_43-6-ROOT1-2023-08-08_mock_pH5_f6h1_02-Fish Eye Corrected_root_mask.tif,/home/y2b/2025-26b-fai2-adsai-OleksiiKrasnoshtanov240247/DataLabs/data/raw/Y2B_23/masks/007_43-6-ROOT1-2023-08-08_mock_pH5_f6h1_02-Fish Eye Corrected_shoot_mask.tif,/home/y2b/2025-26b-fai2-adsai-OleksiiKrasnoshtanov240247/DataLabs/data/raw/Y2B_23/masks/007_43-6-ROOT1-2023-08-08_mock_pH5_f6h1_02-Fish Eye Corrected_seed_mask.tif
/home/y2b/2025-26b-fai2-adsai-OleksiiKrasnoshtanov240247/DataLabs/data/raw/Y2B_23/images/train/008_43-17-ROOT1-2023-08-08_pvdCherry_OD001_Col0_01-Fish Eye Corrected.png,FALSE,FALSE,FALSE
/home/y2b/2025-26b-fai2-adsai-OleksiiKrasnoshtanov240247/DataLabs/data/raw/Y2B_23/images/train/008_43-2-ROOT1-2023-08-08_control_pH7_-Fe+B_col0_03-Fish Eye Corrected.png,FALSE,FALSE,FALSE
/home/y2b/2025-26b-fai2-adsai-OleksiiKrasnoshtanov240247/DataLabs/data/raw/Y2B_23/images/train/009_43-17-ROOT1-2023-08-08_pvd_OD001_Col0_05-Fish Eye Corrected.png,/home/y2b/2025-26b-fai2-adsai-OleksiiKrasnoshtanov240247/DataLabs/data/raw/Y2B_23/masks/009_43-17-ROOT1-2023-08-08_pvd_OD001_Col0_05-Fish Eye Corrected_root_mask.tif,/home/y2b/2025-26b-fai2-adsai-OleksiiKrasnoshtanov240247/DataLabs/data/raw/Y2B_23/masks/009_43-17-ROOT1-2023-08-08_pvd_OD001_Col0_05-Fish Eye Corrected_shoot_mask.tif,/home/y2b/2025-26b-fai2-adsai-OleksiiKrasnoshtanov240247/DataLabs/data/raw/Y2B_23/masks/009_43-17-ROOT1-2023-08-08_pvd_OD001_Col0_05-Fish Eye Corrected_seed_mask.tif
/home/y2b/2025-26b-fai2-adsai-OleksiiKrasnoshtanov240247/DataLabs/data/raw/Y2B_23/images/train/009_43-2-ROOT1-2023-08-08_pvdCherry_OD0001_f6h1_01-Fish Eye Corrected.png,/home/y2b/2025-26b-fai2-adsai-OleksiiKrasnoshtanov240247/DataLabs/data/raw/Y2B_23/masks/009_43-2-ROOT1-2023-08-08_pvdCherry_OD0001_f6h1_01-Fish Eye Corrected_root_mask.tif,/home/y2b/2025-26b-fai2-adsai-OleksiiKrasnoshtanov240247/DataLabs/data/raw/Y2B_23/masks/009_43-2-ROOT1-2023-08-08_pvdCherry_OD0001_f6h1_01-Fish Eye Corrected_shoot_mask.tif,/home/y2b/2025-26b-fai2-adsai-OleksiiKrasnoshtanov240247/DataLabs/data/raw/Y2B_23/masks/009_43-2-ROOT1-2023-08-08_pvdCherry_OD0001_f6h1_01-Fish Eye Corrected_seed_mask.tif
/home/y2b/2025-26b-fai2-adsai-OleksiiKrasnoshtanov240247/DataLabs/data/raw/Y2B_23/images/train/010_43-18-ROOT1-2023-08-08_pvd_OD001_f6h1_04-Fish Eye Corrected.png,/home/y2b/2025-26b-fai2-adsai-OleksiiKrasnoshtanov240247/DataLabs/data/raw/Y2B_23/masks/010_43-18-ROOT1-2023-08-08_pvd_OD001_f6h1_04-Fish Eye Corrected_root_mask.tif,/home/y2b/2025-26b-fai2-adsai-OleksiiKrasnoshtanov240247/DataLabs/data/raw/Y2B_23/masks/010_43-18-ROOT1-2023-08-08_pvd_OD001_f6h1_04-Fish Eye Corrected_shoot_mask.tif,/home/y2b/2025-26b-fai2-adsai-OleksiiKrasnoshtanov240247/DataLabs/data/raw/Y2B_23/masks/010_43-18-ROOT1-2023-08-08_pvd_OD001_f6h1_04-Fish Eye Corrected_seed_mask.tif
/home/y2b/2025-26b-fai2-adsai-OleksiiKrasnoshtanov240247/DataLabs/data/raw/Y2B_23/images/train/010_43-2-ROOT1-2023-08-08_pvdCherry_OD0001_Col0_03-Fish Eye Corrected.png,/home/y2b/2025-26b-fai2-adsai-OleksiiKrasnoshtanov240247/DataLabs/data/raw/Y2B_23/masks/010_43-2-ROOT1-2023-08-08_pvdCherry_OD0001_Col0_03-Fish Eye Corrected_root_mask.tif,/home/y2b/2025-26b-fai2-adsai-OleksiiKrasnoshtanov240247/DataLabs/data/raw/Y2B_23/masks/010_43-2-ROOT1-2023-08-08_pvdCherry_OD0001_Col0_03-Fish Eye Corrected_shoot_mask.tif,/home/y2b/2025-26b-fai2-adsai-OleksiiKrasnoshtanov240247/DataLabs/data/raw/Y2B_23/masks/010_43-2-ROOT1-2023-08-08_pvdCherry_OD0001_Col0_03-Fish Eye Corrected_seed_mask.tif
/home/y2b/2025-26b-fai2-adsai-OleksiiKrasnoshtanov240247/DataLabs/data/raw/Y2B_23/images/train/011_43-1-ROOT1-2023-08-08_pvdCherry_OD0001_f6h1_04-Fish Eye Corrected.png,/home/y2b/2025-26b-fai2-adsai-OleksiiKrasnoshtanov240247/DataLabs/data/raw/Y2B_23/masks/011_43-1-ROOT1-2023-08-08_pvdCherry_OD0001_f6h1_04-Fish Eye Corrected_root_mask.tif,/home/y2b/2025-26b-fai2-adsai-OleksiiKrasnoshtanov240247/DataLabs/data/raw/Y2B_23/masks/011_43-1-ROOT1-2023-08-08_pvdCherry_OD0001_f6h1_04-Fish Eye Corrected_shoot_mask.tif,/home/y2b/2025-26b-fai2-adsai-OleksiiKrasnoshtanov240247/DataLabs/data/raw/Y2B_23/masks/011_43-1-ROOT1-2023-08-08_pvdCherry_OD0001_f6h1_04-Fish Eye Corrected_seed_mask.tif
/home/y2b/2025-26b-fai2-adsai-OleksiiKrasnoshtanov240247/DataLabs/data/raw/Y2B_23/images/train/011_43-18-ROOT1-2023-08-08_pvdCherry_OD001_Col0_02-Fish Eye Corrected.png,/home/y2b/2025-26b-fai2-adsai-OleksiiKrasnoshtanov240247/DataLabs/data/raw/Y2B_23/masks/011_43-18-ROOT1-2023-08-08_pvdCherry_OD001_Col0_02-Fish Eye Corrected_root_mask.tif,/home/y2b/2025-26b-fai2-adsai-OleksiiKrasnoshtanov240247/DataLabs/data/raw/Y2B_23/masks/011_43-18-ROOT1-2023-08-08_pvdCherry_OD001_Col0_02-Fish Eye Corrected_shoot_mask.tif,/home/y2b/2025-26b-fai2-adsai-OleksiiKrasnoshtanov240247/DataLabs/data/raw/Y2B_23/masks/011_43-18-ROOT1-2023-08-08_pvdCherry_OD001_Col0_02-Fish Eye Corrected_seed_mask.tif
/home/y2b/2025-26b-fai2-adsai-OleksiiKrasnoshtanov240247/DataLabs/data/raw/Y2B_23/images/train/012_43-17-ROOT1-2023-08-08_pvdCherry_OD001_f6h1_04-Fish Eye Corrected.png,/home/y2b/2025-26b-fai2-adsai-OleksiiKrasnoshtanov240247/DataLabs/data/raw/Y2B_23/masks/012_43-17-ROOT1-2023-08-08_pvdCherry_OD001_f6h1_04-Fish Eye Corrected_root_mask.tif,/home/y2b/2025-26b-fai2-adsai-OleksiiKrasnoshtanov240247/DataLabs/data/raw/Y2B_23/masks/012_43-17-ROOT1-2023-08-08_pvdCherry_OD001_f6h1_04-Fish Eye Corrected_shoot_mask.tif,/home/y2b/2025-26b-fai2-adsai-OleksiiKrasnoshtanov240247/DataLabs/data/raw/Y2B_23/masks/012_43-17-ROOT1-2023-08-08_pvdCherry_OD001_f6h1_04-Fish Eye Corrected_seed_mask.tif
/home/y2b/2025-26b-fai2-adsai-OleksiiKrasnoshtanov240247/DataLabs/data/raw/Y2B_23/images/train/012_43-2-ROOT1-2023-08-08_pvd_OD01_f6h1_04-Fish Eye Corrected.png,/home/y2b/2025-26b-fai2-adsai-OleksiiKrasnoshtanov240247/DataLabs/data/raw/Y2B_23/masks/012_43-2-ROOT1-2023-08-08_pvd_OD01_f6h1_04-Fish Eye Corrected_root_mask.tif,/home/y2b/2025-26b-fai2-adsai-OleksiiKrasnoshtanov240247/DataLabs/data/raw/Y2B_23/masks/012_43-2-ROOT1-2023-08-08_pvd_OD01_f6h1_04-Fish Eye Corrected_shoot_mask.tif,/home/y2b/2025-26b-fai2-adsai-OleksiiKrasnoshtanov240247/DataLabs/data/raw/Y2B_23/masks/012_43-2-ROOT1-2023-08-08_pvd_OD01_f6h1_04-Fish Eye Corrected_seed_mask.tif
/home/y2b/2025-26b-fai2-adsai-OleksiiKrasnoshtanov240247/DataLabs/data/raw/Y2B_23/images/train/013_43-18-ROOT1-2023-08-08_pvdCherry_OD01_f6h1_02-Fish Eye Corrected.png,/home/y2b/2025-26b-fai2-adsai-OleksiiKrasnoshtanov240247/DataLabs/data/raw/Y2B_23/masks/013_43-18-ROOT1-2023-08-08_pvdCherry_OD01_f6h1_02-Fish Eye Corrected_root_mask.tif,/home/y2b/2025-26b-fai2-adsai-OleksiiKrasnoshtanov240247/DataLabs/data/raw/Y2B_23/masks/013_43-18-ROOT1-2023-08-08_pvdCherry_OD01_f6h1_02-Fish Eye Corrected_shoot_mask.tif,/home/y2b/2025-26b-fai2-adsai-OleksiiKrasnoshtanov240247/DataLabs/data/raw/Y2B_23/masks/013_43-18-ROOT1-2023-08-08_pvdCherry_OD01_f6h1_02-Fish Eye Corrected_seed_mask.tif
/home/y2b/2025-26b-fai2-adsai-OleksiiKrasnoshtanov240247/DataLabs/data/raw/Y2B_23/images/train/013_43-6-ROOT1-2023-08-08_pvd_OD001_f6h1_01-Fish Eye Corrected.png,/home/y2b/2025-26b-fai2-adsai-OleksiiKrasnoshtanov240247/DataLabs/data/raw/Y2B_23/masks/013_43-6-ROOT1-2023-08-08_pvd_OD001_f6h1_01-Fish Eye Corrected_root_mask.tif,/home/y2b/2025-26b-fai2-adsai-OleksiiKrasnoshtanov240247/DataLabs/data/raw/Y2B_23/masks/013_43-6-ROOT1-2023-08-08_pvd_OD001_f6h1_01-Fish Eye Corrected_shoot_mask.tif,/home/y2b/2025-26b-fai2-adsai-OleksiiKrasnoshtanov240247/DataLabs/data/raw/Y2B_23/masks/013_43-6-ROOT1-2023-08-08_pvd_OD001_f6h1_01-Fish Eye Corrected_seed_mask.tif
/home/y2b/2025-26b-fai2-adsai-OleksiiKrasnoshtanov240247/DataLabs/data/raw/Y2B_23/images/train/014_43-18-ROOT1-2023-08-08_pvd_OD001_f6h1_03-Fish Eye Corrected.png,/home/y2b/2025-26b-fai2-adsai-OleksiiKrasnoshtanov240247/DataLabs/data/raw/Y2B_23/masks/014_43-18-ROOT1-2023-08-08_pvd_OD001_f6h1_03-Fish Eye Corrected_root_mask.tif,/home/y2b/2025-26b-fai2-adsai-OleksiiKrasnoshtanov240247/DataLabs/data/raw/Y2B_23/masks/014_43-18-ROOT1-2023-08-08_pvd_OD001_f6h1_03-Fish Eye Corrected_shoot_mask.tif,/home/y2b/2025-26b-fai2-adsai-OleksiiKrasnoshtanov240247/DataLabs/data/raw/Y2B_23/masks/014_43-18-ROOT1-2023-08-08_pvd_OD001_f6h1_03-Fish Eye Corrected_seed_mask.tif
/home/y2b/2025-26b-fai2-adsai-OleksiiKrasnoshtanov240247/DataLabs/data/raw/Y2B_23/images/train/014_43-2-ROOT1-2023-08-08_pvd_OD0001_f6h1_03-Fish Eye Corrected.png,/home/y2b/2025-26b-fai2-adsai-OleksiiKrasnoshtanov240247/DataLabs/data/raw/Y2B_23/masks/014_43-2-ROOT1-2023-08-08_pvd_OD0001_f6h1_03-Fish Eye Corrected_root_mask.tif,/home/y2b/2025-26b-fai2-adsai-OleksiiKrasnoshtanov240247/DataLabs/data/raw/Y2B_23/masks/014_43-2-ROOT1-2023-08-08_pvd_OD0001_f6h1_03-Fish Eye Corrected_shoot_mask.tif,/home/y2b/2025-26b-fai2-adsai-OleksiiKrasnoshtanov240247/DataLabs/data/raw/Y2B_23/masks/014_43-2-ROOT1-2023-08-08_pvd_OD0001_f6h1_03-Fish Eye Corrected_seed_mask.tif
/home/y2b/2025-26b-fai2-adsai-OleksiiKrasnoshtanov240247/DataLabs/data/raw/Y2B_23/images/train/015_43-1-ROOT1-2023-08-08_mock_pH5_f6h1_02-Fish Eye Corrected.png,/home/y2b/2025-26b-fai2-adsai-OleksiiKrasnoshtanov240247/DataLabs/data/raw/Y2B_23/masks/015_43-1-ROOT1-2023-08-08_mock_pH5_f6h1_02-Fish Eye Corrected_root_mask.tif,/home/y2b/2025-26b-fai2-adsai-OleksiiKrasnoshtanov240247/DataLabs/data/raw/Y2B_23/masks/015_43-1-ROOT1-2023-08-08_mock_pH5_f6h1_02-Fish Eye Corrected_shoot_mask.tif,/home/y2b/2025-26b-fai2-adsai-OleksiiKrasnoshtanov240247/DataLabs/data/raw/Y2B_23/masks/015_43-1-ROOT1-2023-08-08_mock_pH5_f6h1_02-Fish Eye Corrected_seed_mask.tif
/home/y2b/2025-26b-fai2-adsai-OleksiiKrasnoshtanov240247/DataLabs/data/raw/Y2B_23/images/train/015_43-18-ROOT1-2023-08-08_pvd_OD001_f6h1_02-Fish Eye Corrected.png,/home/y2b/2025-26b-fai2-adsai-OleksiiKrasnoshtanov240247/DataLabs/data/raw/Y2B_23/masks/015_43-18-ROOT1-2023-08-08_pvd_OD001_f6h1_02-Fish Eye Corrected_root_mask.tif,/home/y2b/2025-26b-fai2-adsai-OleksiiKrasnoshtanov240247/DataLabs/data/raw/Y2B_23/masks/015_43-18-ROOT1-2023-08-08_pvd_OD001_f6h1_02-Fish Eye Corrected_shoot_mask.tif,/home/y2b/2025-26b-fai2-adsai-OleksiiKrasnoshtanov240247/DataLabs/data/raw/Y2B_23/masks/015_43-18-ROOT1-2023-08-08_pvd_OD001_f6h1_02-Fish Eye Corrected_seed_mask.tif
/home/y2b/2025-26b-fai2-adsai-OleksiiKrasnoshtanov240247/DataLabs/data/raw/Y2B_23/images/train/016_43-1-ROOT1-2023-08-08_pvdCherry_OD0001_Col0_02-Fish Eye Corrected.png,/home/y2b/2025-26b-fai2-adsai-OleksiiKrasnoshtanov240247/DataLabs/data/raw/Y2B_23/masks/016_43-1-ROOT1-2023-08-08_pvdCherry_OD0001_Col0_02-Fish Eye Corrected_root_mask.tif,/home/y2b/2025-26b-fai2-adsai-OleksiiKrasnoshtanov240247/DataLabs/data/raw/Y2B_23/masks/016_43-1-ROOT1-2023-08-08_pvdCherry_OD0001_Col0_02-Fish Eye Corrected_shoot_mask.tif,/home/y2b/2025-26b-fai2-adsai-OleksiiKrasnoshtanov240247/DataLabs/data/raw/Y2B_23/masks/016_43-1-ROOT1-2023-08-08_pvdCherry_OD0001_Col0_02-Fish Eye Corrected_seed_mask.tif
/home/y2b/2025-26b-fai2-adsai-OleksiiKrasnoshtanov240247/DataLabs/data/raw/Y2B_23/images/train/016_43-18-ROOT1-2023-08-08_pvdCherry_OD001_f6h1_01-Fish Eye Corrected.png,/home/y2b/2025-26b-fai2-adsai-OleksiiKrasnoshtanov240247/DataLabs/data/raw/Y2B_23/masks/016_43-18-ROOT1-2023-08-08_pvdCherry_OD001_f6h1_01-Fish Eye Corrected_root_mask.tif,/home/y2b/2025-26b-fai2-adsai-OleksiiKrasnoshtanov240247/DataLabs/data/raw/Y2B_23/masks/016_43-18-ROOT1-2023-08-08_pvdCherry_OD001_f6h1_01-Fish Eye Corrected_shoot_mask.tif,/home/y2b/2025-26b-fai2-adsai-OleksiiKrasnoshtanov240247/DataLabs/data/raw/Y2B_23/masks/016_43-18-ROOT1-2023-08-08_pvdCherry_OD001_f6h1_01-Fish Eye Corrected_seed_mask.tif
/home/y2b/2025-26b-fai2-adsai-OleksiiKrasnoshtanov240247/DataLabs/data/raw/Y2B_23/images/train/017_43-11-ROOT1-2023-08-08_pvdCherry_OD0001_Col0_03-Fish Eye Corrected.png,/home/y2b/2025-26b-fai2-adsai-OleksiiKrasnoshtanov240247/DataLabs/data/raw/Y2B_23/masks/017_43-11-ROOT1-2023-08-08_pvdCherry_OD0001_Col0_03-Fish Eye Corrected_root_mask.tif,/home/y2b/2025-26b-fai2-adsai-OleksiiKrasnoshtanov240247/DataLabs/data/raw/Y2B_23/masks/017_43-11-ROOT1-2023-08-08_pvdCherry_OD0001_Col0_03-Fish Eye Corrected_shoot_mask.tif,/home/y2b/2025-26b-fai2-adsai-OleksiiKrasnoshtanov240247/DataLabs/data/raw/Y2B_23/masks/017_43-11-ROOT1-2023-08-08_pvdCherry_OD0001_Col0_03-Fish Eye Corrected_seed_mask.tif
/home/y2b/2025-26b-fai2-adsai-OleksiiKrasnoshtanov240247/DataLabs/data/raw/Y2B_23/images/train/017_43-17-ROOT1-2023-08-08_pvd_OD001_Col0_03-Fish Eye Corrected.png,/home/y2b/2025-26b-fai2-adsai-OleksiiKrasnoshtanov240247/DataLabs/data/raw/Y2B_23/masks/017_43-17-ROOT1-2023-08-08_pvd_OD001_Col0_03-Fish Eye Corrected_root_mask.tif,/home/y2b/2025-26b-fai2-adsai-OleksiiKrasnoshtanov240247/DataLabs/data/raw/Y2B_23/masks/017_43-17-ROOT1-2023-08-08_pvd_OD001_Col0_03-Fish Eye Corrected_shoot_mask.tif,/home/y2b/2025-26b-fai2-adsai-OleksiiKrasnoshtanov240247/DataLabs/data/raw/Y2B_23/masks/017_43-17-ROOT1-2023-08-08_pvd_OD001_Col0_03-Fish Eye Corrected_seed_mask.tif
/home/y2b/2025-26b-fai2-adsai-OleksiiKrasnoshtanov240247/DataLabs/data/raw/Y2B_23/images/train/018_43-1-ROOT1-2023-08-08_control_pH7_-Fe+B_f6h1_01-Fish Eye Corrected.png,/home/y2b/2025-26b-fai2-adsai-OleksiiKrasnoshtanov240247/DataLabs/data/raw/Y2B_23/masks/018_43-1-ROOT1-2023-08-08_control_pH7_-Fe+B_f6h1_01-Fish Eye Corrected_root_mask.tif,/home/y2b/2025-26b-fai2-adsai-OleksiiKrasnoshtanov240247/DataLabs/data/raw/Y2B_23/masks/018_43-1-ROOT1-2023-08-08_control_pH7_-Fe+B_f6h1_01-Fish Eye Corrected_shoot_mask.tif,/home/y2b/2025-26b-fai2-adsai-OleksiiKrasnoshtanov240247/DataLabs/data/raw/Y2B_23/masks/018_43-1-ROOT1-2023-08-08_control_pH7_-Fe+B_f6h1_01-Fish Eye Corrected_seed_mask.tif
/home/y2b/2025-26b-fai2-adsai-OleksiiKrasnoshtanov240247/DataLabs/data/raw/Y2B_23/images/train/018_43-17-ROOT1-2023-08-08_pvdCherry_OD001_f6h1_05-Fish Eye Corrected.png,/home/y2b/2025-26b-fai2-adsai-OleksiiKrasnoshtanov240247/DataLabs/data/raw/Y2B_23/masks/018_43-17-ROOT1-2023-08-08_pvdCherry_OD001_f6h1_05-Fish Eye Corrected_root_mask.tif,/home/y2b/2025-26b-fai2-adsai-OleksiiKrasnoshtanov240247/DataLabs/data/raw/Y2B_23/masks/018_43-17-ROOT1-2023-08-08_pvdCherry_OD001_f6h1_05-Fish Eye Corrected_shoot_mask.tif,/home/y2b/2025-26b-fai2-adsai-OleksiiKrasnoshtanov240247/DataLabs/data/raw/Y2B_23/masks/018_43-17-ROOT1-2023-08-08_pvdCherry_OD001_f6h1_05-Fish Eye Corrected_seed_mask.tif
/home/y2b/2025-26b-fai2-adsai-OleksiiKrasnoshtanov240247/DataLabs/data/raw/Y2B_23/images/train/019_43-19-ROOT1-2023-08-08_pvd_OD001_Col0_03-Fish Eye Corrected.png,FALSE,FALSE,FALSE
/home/y2b/2025-26b-fai2-adsai-OleksiiKrasnoshtanov240247/DataLabs/data/raw/Y2B_23/images/train/019_43-6-ROOT1-2023-08-08_control_pH7_-Fe+B_col0_01-Fish Eye Corrected.png,FALSE,FALSE,FALSE
/home/y2b/2025-26b-fai2-adsai-OleksiiKrasnoshtanov240247/DataLabs/data/raw/Y2B_23/images/train/020_43-1-ROOT1-2023-08-08_mock_pH5_+Fe_Col0_03-Fish Eye Corrected.png,/home/y2b/2025-26b-fai2-adsai-OleksiiKrasnoshtanov240247/DataLabs/data/raw/Y2B_23/masks/020_43-1-ROOT1-2023-08-08_mock_pH5_+Fe_Col0_03-Fish Eye Corrected_root_mask.tif,/home/y2b/2025-26b-fai2-adsai-OleksiiKrasnoshtanov240247/DataLabs/data/raw/Y2B_23/masks/020_43-1-ROOT1-2023-08-08_mock_pH5_+Fe_Col0_03-Fish Eye Corrected_shoot_mask.tif,/home/y2b/2025-26b-fai2-adsai-OleksiiKrasnoshtanov240247/DataLabs/data/raw/Y2B_23/masks/020_43-1-ROOT1-2023-08-08_mock_pH5_+Fe_Col0_03-Fish Eye Corrected_seed_mask.tif
/home/y2b/2025-26b-fai2-adsai-OleksiiKrasnoshtanov240247/DataLabs/data/raw/Y2B_23/images/train/020_43-18-ROOT1-2023-08-08_pvdCherry_OD01_Col0_01-Fish Eye Corrected.png,/home/y2b/2025-26b-fai2-adsai-OleksiiKrasnoshtanov240247/DataLabs/data/raw/Y2B_23/masks/020_43-18-ROOT1-2023-08-08_pvdCherry_OD01_Col0_01-Fish Eye Corrected_root_mask.tif,/home/y2b/2025-26b-fai2-adsai-OleksiiKrasnoshtanov240247/DataLabs/data/raw/Y2B_23/masks/020_43-18-ROOT1-2023-08-08_pvdCherry_OD01_Col0_01-Fish Eye Corrected_shoot_mask.tif,/home/y2b/2025-26b-fai2-adsai-OleksiiKrasnoshtanov240247/DataLabs/data/raw/Y2B_23/masks/020_43-18-ROOT1-2023-08-08_pvdCherry_OD01_Col0_01-Fish Eye Corrected_seed_mask.tif
/home/y2b/2025-26b-fai2-adsai-OleksiiKrasnoshtanov240247/DataLabs/data/raw/Y2B_23/images/train/021_43-1-ROOT1-2023-08-08_control_pH7_-Fe+B_col0_04-Fish Eye Corrected.png,/home/y2b/2025-26b-fai2-adsai-OleksiiKrasnoshtanov240247/DataLabs/data/raw/Y2B_23/masks/021_43-1-ROOT1-2023-08-08_control_pH7_-Fe+B_col0_04-Fish Eye Corrected_root_mask.tif,/home/y2b/2025-26b-fai2-adsai-OleksiiKrasnoshtanov240247/DataLabs/data/raw/Y2B_23/masks/021_43-1-ROOT1-2023-08-08_control_pH7_-Fe+B_col0_04-Fish Eye Corrected_shoot_mask.tif,/home/y2b/2025-26b-fai2-adsai-OleksiiKrasnoshtanov240247/DataLabs/data/raw/Y2B_23/masks/021_43-1-ROOT1-2023-08-08_control_pH7_-Fe+B_col0_04-Fish Eye Corrected_seed_mask.tif
/home/y2b/2025-26b-fai2-adsai-OleksiiKrasnoshtanov240247/DataLabs/data/raw/Y2B_23/images/train/021_43-17-ROOT1-2023-08-08_pvd_OD001_Col0_04-Fish Eye Corrected.png,/home/y2b/2025-26b-fai2-adsai-OleksiiKrasnoshtanov240247/DataLabs/data/raw/Y2B_23/masks/021_43-17-ROOT1-2023-08-08_pvd_OD001_Col0_04-Fish Eye Corrected_root_mask.tif,/home/y2b/2025-26b-fai2-adsai-OleksiiKrasnoshtanov240247/DataLabs/data/raw/Y2B_23/masks/021_43-17-ROOT1-2023-08-08_pvd_OD001_Col0_04-Fish Eye Corrected_shoot_mask.tif,/home/y2b/2025-26b-fai2-adsai-OleksiiKrasnoshtanov240247/DataLabs/data/raw/Y2B_23/masks/021_43-17-ROOT1-2023-08-08_pvd_OD001_Col0_04-Fish Eye Corrected_seed_mask.tif
/home/y2b/2025-26b-fai2-adsai-OleksiiKrasnoshtanov240247/DataLabs/data/raw/Y2B_23/images/train/022_43-18-ROOT1-2023-08-08_pvdCherry_OD001_Col0_04-Fish Eye Corrected.png,/home/y2b/2025-26b-fai2-adsai-OleksiiKrasnoshtanov240247/DataLabs/data/raw/Y2B_23/masks/022_43-18-ROOT1-2023-08-08_pvdCherry_OD001_Col0_04-Fish Eye Corrected_root_mask.tif,/home/y2b/2025-26b-fai2-adsai-OleksiiKrasnoshtanov240247/DataLabs/data/raw/Y2B_23/masks/022_43-18-ROOT1-2023-08-08_pvdCherry_OD001_Col0_04-Fish Eye Corrected_shoot_mask.tif,/home/y2b/2025-26b-fai2-adsai-OleksiiKrasnoshtanov240247/DataLabs/data/raw/Y2B_23/masks/022_43-18-ROOT1-2023-08-08_pvdCherry_OD001_Col0_04-Fish Eye Corrected_seed_mask.tif
/home/y2b/2025-26b-fai2-adsai-OleksiiKrasnoshtanov240247/DataLabs/data/raw/Y2B_23/images/train/022_43-6-ROOT1-2023-08-08_pvd_OD0001_col-0_01-Fish Eye Corrected.png,/home/y2b/2025-26b-fai2-adsai-OleksiiKrasnoshtanov240247/DataLabs/data/raw/Y2B_23/masks/022_43-6-ROOT1-2023-08-08_pvd_OD0001_col-0_01-Fish Eye Corrected_root_mask.tif,/home/y2b/2025-26b-fai2-adsai-OleksiiKrasnoshtanov240247/DataLabs/data/raw/Y2B_23/masks/022_43-6-ROOT1-2023-08-08_pvd_OD0001_col-0_01-Fish Eye Corrected_shoot_mask.tif,/home/y2b/2025-26b-fai2-adsai-OleksiiKrasnoshtanov240247/DataLabs/data/raw/Y2B_23/masks/022_43-6-ROOT1-2023-08-08_pvd_OD0001_col-0_01-Fish Eye Corrected_seed_mask.tif
/home/y2b/2025-26b-fai2-adsai-OleksiiKrasnoshtanov240247/DataLabs/data/raw/Y2B_23/images/train/023_43-14-ROOT1-2023-08-08_pvdCherry_OD0001_f6h1_03-Fish Eye Corrected.png,FALSE,FALSE,FALSE
/home/y2b/2025-26b-fai2-adsai-OleksiiKrasnoshtanov240247/DataLabs/data/raw/Y2B_23/images/train/023_43-18-ROOT1-2023-08-08_pvd_OD001_f6h1_01-Fish Eye Corrected.png,FALSE,FALSE,FALSE
/home/y2b/2025-26b-fai2-adsai-OleksiiKrasnoshtanov240247/DataLabs/data/raw/Y2B_23/images/train/024_43-1-ROOT1-2023-08-08_control_pH7_-Fe+B_col0_01-Fish Eye Corrected.png,/home/y2b/2025-26b-fai2-adsai-OleksiiKrasnoshtanov240247/DataLabs/data/raw/Y2B_23/masks/024_43-1-ROOT1-2023-08-08_control_pH7_-Fe+B_col0_01-Fish Eye Corrected_root_mask.tif,/home/y2b/2025-26b-fai2-adsai-OleksiiKrasnoshtanov240247/DataLabs/data/raw/Y2B_23/masks/024_43-1-ROOT1-2023-08-08_control_pH7_-Fe+B_col0_01-Fish Eye Corrected_shoot_mask.tif,/home/y2b/2025-26b-fai2-adsai-OleksiiKrasnoshtanov240247/DataLabs/data/raw/Y2B_23/masks/024_43-1-ROOT1-2023-08-08_control_pH7_-Fe+B_col0_01-Fish Eye Corrected_seed_mask.tif
/home/y2b/2025-26b-fai2-adsai-OleksiiKrasnoshtanov240247/DataLabs/data/raw/Y2B_23/images/train/024_43-18-ROOT1-2023-08-08_pvd_OD0001_f6h1_02-Fish Eye Corrected.png,/home/y2b/2025-26b-fai2-adsai-OleksiiKrasnoshtanov240247/DataLabs/data/raw/Y2B_23/masks/024_43-18-ROOT1-2023-08-08_pvd_OD0001_f6h1_02-Fish Eye Corrected_root_mask.tif,/home/y2b/2025-26b-fai2-adsai-OleksiiKrasnoshtanov240247/DataLabs/data/raw/Y2B_23/masks/024_43-18-ROOT1-2023-08-08_pvd_OD0001_f6h1_02-Fish Eye Corrected_shoot_mask.tif,/home/y2b/2025-26b-fai2-adsai-OleksiiKrasnoshtanov240247/DataLabs/data/raw/Y2B_23/masks/024_43-18-ROOT1-2023-08-08_pvd_OD0001_f6h1_02-Fish Eye Corrected_seed_mask.tif
/home/y2b/2025-26b-fai2-adsai-OleksiiKrasnoshtanov240247/DataLabs/data/raw/Y2B_23/images/train/025_43-1-ROOT1-2023-08-08_control_pH7_-Fe+B_f6h1_03-Fish Eye Corrected.png,/home/y2b/2025-26b-fai2-adsai-OleksiiKrasnoshtanov240247/DataLabs/data/raw/Y2B_23/masks/025_43-1-ROOT1-2023-08-08_control_pH7_-Fe+B_f6h1_03-Fish Eye Corrected_root_mask.tif,/home/y2b/2025-26b-fai2-adsai-OleksiiKrasnoshtanov240247/DataLabs/data/raw/Y2B_23/masks/025_43-1-ROOT1-2023-08-08_control_pH7_-Fe+B_f6h1_03-Fish Eye Corrected_shoot_mask.tif,/home/y2b/2025-26b-fai2-adsai-OleksiiKrasnoshtanov240247/DataLabs/data/raw/Y2B_23/masks/025_43-1-ROOT1-2023-08-08_control_pH7_-Fe+B_f6h1_03-Fish Eye Corrected_seed_mask.tif
/home/y2b/2025-26b-fai2-adsai-OleksiiKrasnoshtanov240247/DataLabs/data/raw/Y2B_23/images/train/025_43-17-ROOT1-2023-08-08_pvdCherry_OD01_Col0_04-Fish Eye Corrected.png,/home/y2b/2025-26b-fai2-adsai-OleksiiKrasnoshtanov240247/DataLabs/data/raw/Y2B_23/masks/025_43-17-ROOT1-2023-08-08_pvdCherry_OD01_Col0_04-Fish Eye Corrected_root_mask.tif,/home/y2b/2025-26b-fai2-adsai-OleksiiKrasnoshtanov240247/DataLabs/data/raw/Y2B_23/masks/025_43-17-ROOT1-2023-08-08_pvdCherry_OD01_Col0_04-Fish Eye Corrected_shoot_mask.tif,/home/y2b/2025-26b-fai2-adsai-OleksiiKrasnoshtanov240247/DataLabs/data/raw/Y2B_23/masks/025_43-17-ROOT1-2023-08-08_pvdCherry_OD01_Col0_04-Fish Eye Corrected_seed_mask.tif
/home/y2b/2025-26b-fai2-adsai-OleksiiKrasnoshtanov240247/DataLabs/data/raw/Y2B_23/images/train/026_43-18-ROOT1-2023-08-08_pvd_OD0001_col-0_04-Fish Eye Corrected.png,/home/y2b/2025-26b-fai2-adsai-OleksiiKrasnoshtanov240247/DataLabs/data/raw/Y2B_23/masks/026_43-18-ROOT1-2023-08-08_pvd_OD0001_col-0_04-Fish Eye Corrected_root_mask.tif,/home/y2b/2025-26b-fai2-adsai-OleksiiKrasnoshtanov240247/DataLabs/data/raw/Y2B_23/masks/026_43-18-ROOT1-2023-08-08_pvd_OD0001_col-0_04-Fish Eye Corrected_shoot_mask.tif,/home/y2b/2025-26b-fai2-adsai-OleksiiKrasnoshtanov240247/DataLabs/data/raw/Y2B_23/masks/026_43-18-ROOT1-2023-08-08_pvd_OD0001_col-0_04-Fish Eye Corrected_seed_mask.tif
/home/y2b/2025-26b-fai2-adsai-OleksiiKrasnoshtanov240247/DataLabs/data/raw/Y2B_23/images/train/026_43-6-ROOT1-2023-08-08_pvd_OD01_Col0_02-Fish Eye Corrected.png,/home/y2b/2025-26b-fai2-adsai-OleksiiKrasnoshtanov240247/DataLabs/data/raw/Y2B_23/masks/026_43-6-ROOT1-2023-08-08_pvd_OD01_Col0_02-Fish Eye Corrected_root_mask.tif,/home/y2b/2025-26b-fai2-adsai-OleksiiKrasnoshtanov240247/DataLabs/data/raw/Y2B_23/masks/026_43-6-ROOT1-2023-08-08_pvd_OD01_Col0_02-Fish Eye Corrected_shoot_mask.tif,/home/y2b/2025-26b-fai2-adsai-OleksiiKrasnoshtanov240247/DataLabs/data/raw/Y2B_23/masks/026_43-6-ROOT1-2023-08-08_pvd_OD01_Col0_02-Fish Eye Corrected_seed_mask.tif
/home/y2b/2025-26b-fai2-adsai-OleksiiKrasnoshtanov240247/DataLabs/data/raw/Y2B_23/images/train/027_43-18-ROOT1-2023-08-08_pvd_OD0001_f6h1_01-Fish Eye Corrected.png,/home/y2b/2025-26b-fai2-adsai-OleksiiKrasnoshtanov240247/DataLabs/data/raw/Y2B_23/masks/027_43-18-ROOT1-2023-08-08_pvd_OD0001_f6h1_01-Fish Eye Corrected_root_mask.tif,/home/y2b/2025-26b-fai2-adsai-OleksiiKrasnoshtanov240247/DataLabs/data/raw/Y2B_23/masks/027_43-18-ROOT1-2023-08-08_pvd_OD0001_f6h1_01-Fish Eye Corrected_shoot_mask.tif,/home/y2b/2025-26b-fai2-adsai-OleksiiKrasnoshtanov240247/DataLabs/data/raw/Y2B_23/masks/027_43-18-ROOT1-2023-08-08_pvd_OD0001_f6h1_01-Fish Eye Corrected_seed_mask.tif
/home/y2b/2025-26b-fai2-adsai-OleksiiKrasnoshtanov240247/DataLabs/data/raw/Y2B_23/images/train/027_43-2-ROOT1-2023-08-08_pvdCherry_OD001_f6h1_04-Fish Eye Corrected.png,/home/y2b/2025-26b-fai2-adsai-OleksiiKrasnoshtanov240247/DataLabs/data/raw/Y2B_23/masks/027_43-2-ROOT1-2023-08-08_pvdCherry_OD001_f6h1_04-Fish Eye Corrected_root_mask.tif,/home/y2b/2025-26b-fai2-adsai-OleksiiKrasnoshtanov240247/DataLabs/data/raw/Y2B_23/masks/027_43-2-ROOT1-2023-08-08_pvdCherry_OD001_f6h1_04-Fish Eye Corrected_shoot_mask.tif,/home/y2b/2025-26b-fai2-adsai-OleksiiKrasnoshtanov240247/DataLabs/data/raw/Y2B_23/masks/027_43-2-ROOT1-2023-08-08_pvdCherry_OD001_f6h1_04-Fish Eye Corrected_seed_mask.tif
/home/y2b/2025-26b-fai2-adsai-OleksiiKrasnoshtanov240247/DataLabs/data/raw/Y2B_23/images/train/028_43-18-ROOT1-2023-08-08_mock_pH5_f6h1_02-Fish Eye Corrected.png,/home/y2b/2025-26b-fai2-adsai-OleksiiKrasnoshtanov240247/DataLabs/data/raw/Y2B_23/masks/028_43-18-ROOT1-2023-08-08_mock_pH5_f6h1_02-Fish Eye Corrected_root_mask.tif,/home/y2b/2025-26b-fai2-adsai-OleksiiKrasnoshtanov240247/DataLabs/data/raw/Y2B_23/masks/028_43-18-ROOT1-2023-08-08_mock_pH5_f6h1_02-Fish Eye Corrected_shoot_mask.tif,/home/y2b/2025-26b-fai2-adsai-OleksiiKrasnoshtanov240247/DataLabs/data/raw/Y2B_23/masks/028_43-18-ROOT1-2023-08-08_mock_pH5_f6h1_02-Fish Eye Corrected_seed_mask.tif
/home/y2b/2025-26b-fai2-adsai-OleksiiKrasnoshtanov240247/DataLabs/data/raw/Y2B_23/images/train/028_43-6-ROOT1-2023-08-08_pvd_OD01_Col0_05-Fish Eye Corrected.png,/home/y2b/2025-26b-fai2-adsai-OleksiiKrasnoshtanov240247/DataLabs/data/raw/Y2B_23/masks/028_43-6-ROOT1-2023-08-08_pvd_OD01_Col0_05-Fish Eye Corrected_root_mask.tif,/home/y2b/2025-26b-fai2-adsai-OleksiiKrasnoshtanov240247/DataLabs/data/raw/Y2B_23/masks/028_43-6-ROOT1-2023-08-08_pvd_OD01_Col0_05-Fish Eye Corrected_shoot_mask.tif,/home/y2b/2025-26b-fai2-adsai-OleksiiKrasnoshtanov240247/DataLabs/data/raw/Y2B_23/masks/028_43-6-ROOT1-2023-08-08_pvd_OD01_Col0_05-Fish Eye Corrected_seed_mask.tif
/home/y2b/2025-26b-fai2-adsai-OleksiiKrasnoshtanov240247/DataLabs/data/raw/Y2B_23/images/train/029_43-17-ROOT1-2023-08-08_pvd_OD0001_f6h1_05-Fish Eye Corrected.png,/home/y2b/2025-26b-fai2-adsai-OleksiiKrasnoshtanov240247/DataLabs/data/raw/Y2B_23/masks/029_43-17-ROOT1-2023-08-08_pvd_OD0001_f6h1_05-Fish Eye Corrected_root_mask.tif,/home/y2b/2025-26b-fai2-adsai-OleksiiKrasnoshtanov240247/DataLabs/data/raw/Y2B_23/masks/029_43-17-ROOT1-2023-08-08_pvd_OD0001_f6h1_05-Fish Eye Corrected_shoot_mask.tif,/home/y2b/2025-26b-fai2-adsai-OleksiiKrasnoshtanov240247/DataLabs/data/raw/Y2B_23/masks/029_43-17-ROOT1-2023-08-08_pvd_OD0001_f6h1_05-Fish Eye Corrected_seed_mask.tif
/home/y2b/2025-26b-fai2-adsai-OleksiiKrasnoshtanov240247/DataLabs/data/raw/Y2B_23/images/train/029_43-2-ROOT1-2023-08-08_pvdCherry_OD01_f6h1_04-Fish Eye Corrected.png,/home/y2b/2025-26b-fai2-adsai-OleksiiKrasnoshtanov240247/DataLabs/data/raw/Y2B_23/masks/029_43-2-ROOT1-2023-08-08_pvdCherry_OD01_f6h1_04-Fish Eye Corrected_root_mask.tif,/home/y2b/2025-26b-fai2-adsai-OleksiiKrasnoshtanov240247/DataLabs/data/raw/Y2B_23/masks/029_43-2-ROOT1-2023-08-08_pvdCherry_OD01_f6h1_04-Fish Eye Corrected_shoot_mask.tif,/home/y2b/2025-26b-fai2-adsai-OleksiiKrasnoshtanov240247/DataLabs/data/raw/Y2B_23/masks/029_43-2-ROOT1-2023-08-08_pvdCherry_OD01_f6h1_04-Fish Eye Corrected_seed_mask.tif
/home/y2b/2025-26b-fai2-adsai-OleksiiKrasnoshtanov240247/DataLabs/data/raw/Y2B_23/images/train/041_43-13-ROOT1-2023-08-08_pvdCherry_OD01_Col0_03-Fish Eye Corrected.png,/home/y2b/2025-26b-fai2-adsai-OleksiiKrasnoshtanov240247/DataLabs/data/raw/Y2B_23/masks/041_43-13-ROOT1-2023-08-08_pvdCherry_OD01_Col0_03-Fish Eye Corrected_root_mask.tif,/home/y2b/2025-26b-fai2-adsai-OleksiiKrasnoshtanov240247/DataLabs/data/raw/Y2B_23/masks/041_43-13-ROOT1-2023-08-08_pvdCherry_OD01_Col0_03-Fish Eye Corrected_shoot_mask.tif,/home/y2b/2025-26b-fai2-adsai-OleksiiKrasnoshtanov240247/DataLabs/data/raw/Y2B_23/masks/041_43-13-ROOT1-2023-08-08_pvdCherry_OD01_Col0_03-Fish Eye Corrected_seed_mask.tif
/home/y2b/2025-26b-fai2-adsai-OleksiiKrasnoshtanov240247/DataLabs/data/raw/Y2B_23/images/train/041_43-18-ROOT1-2023-08-08_mock_pH5_+Fe_Col0_01-Fish Eye Corrected.png,/home/y2b/2025-26b-fai2-adsai-OleksiiKrasnoshtanov240247/DataLabs/data/raw/Y2B_23/masks/041_43-18-ROOT1-2023-08-08_mock_pH5_+Fe_Col0_01-Fish Eye Corrected_root_mask.tif,/home/y2b/2025-26b-fai2-adsai-OleksiiKrasnoshtanov240247/DataLabs/data/raw/Y2B_23/masks/041_43-18-ROOT1-2023-08-08_mock_pH5_+Fe_Col0_01-Fish Eye Corrected_shoot_mask.tif,/home/y2b/2025-26b-fai2-adsai-OleksiiKrasnoshtanov240247/DataLabs/data/raw/Y2B_23/masks/041_43-18-ROOT1-2023-08-08_mock_pH5_+Fe_Col0_01-Fish Eye Corrected_seed_mask.tif
/home/y2b/2025-26b-fai2-adsai-OleksiiKrasnoshtanov240247/DataLabs/data/raw/Y2B_23/images/train/041_43-18-ROOT1-2023-08-08_pvd_OD01_Col0_04-Fish Eye Corrected.png,/home/y2b/2025-26b-fai2-adsai-OleksiiKrasnoshtanov240247/DataLabs/data/raw/Y2B_23/masks/041_43-18-ROOT1-2023-08-08_pvd_OD01_Col0_04-Fish Eye Corrected_root_mask.tif,/home/y2b/2025-26b-fai2-adsai-OleksiiKrasnoshtanov240247/DataLabs/data/raw/Y2B_23/masks/041_43-18-ROOT1-2023-08-08_pvd_OD01_Col0_04-Fish Eye Corrected_shoot_mask.tif,/home/y2b/2025-26b-fai2-adsai-OleksiiKrasnoshtanov240247/DataLabs/data/raw/Y2B_23/masks/041_43-18-ROOT1-2023-08-08_pvd_OD01_Col0_04-Fish Eye Corrected_seed_mask.tif
/home/y2b/2025-26b-fai2-adsai-OleksiiKrasnoshtanov240247/DataLabs/data/raw/Y2B_23/images/train/042_43-11-ROOT1-2023-08-08_control_pH7_-Fe+B_f6h1_04-Fish Eye Corrected.png,/home/y2b/2025-26b-fai2-adsai-OleksiiKrasnoshtanov240247/DataLabs/data/raw/Y2B_23/masks/042_43-11-ROOT1-2023-08-08_control_pH7_-Fe+B_f6h1_04-Fish Eye Corrected_root_mask.tif,/home/y2b/2025-26b-fai2-adsai-OleksiiKrasnoshtanov240247/DataLabs/data/raw/Y2B_23/masks/042_43-11-ROOT1-2023-08-08_control_pH7_-Fe+B_f6h1_04-Fish Eye Corrected_shoot_mask.tif,/home/y2b/2025-26b-fai2-adsai-OleksiiKrasnoshtanov240247/DataLabs/data/raw/Y2B_23/masks/042_43-11-ROOT1-2023-08-08_control_pH7_-Fe+B_f6h1_04-Fish Eye Corrected_seed_mask.tif
/home/y2b/2025-26b-fai2-adsai-OleksiiKrasnoshtanov240247/DataLabs/data/raw/Y2B_23/images/train/042_43-13-ROOT1-2023-08-08_mock_pH5_+Fe_Col0_04-Fish Eye Corrected.png,/home/y2b/2025-26b-fai2-adsai-OleksiiKrasnoshtanov240247/DataLabs/data/raw/Y2B_23/masks/042_43-13-ROOT1-2023-08-08_mock_pH5_+Fe_Col0_04-Fish Eye Corrected_root_mask.tif,/home/y2b/2025-26b-fai2-adsai-OleksiiKrasnoshtanov240247/DataLabs/data/raw/Y2B_23/masks/042_43-13-ROOT1-2023-08-08_mock_pH5_+Fe_Col0_04-Fish Eye Corrected_shoot_mask.tif,/home/y2b/2025-26b-fai2-adsai-OleksiiKrasnoshtanov240247/DataLabs/data/raw/Y2B_23/masks/042_43-13-ROOT1-2023-08-08_mock_pH5_+Fe_Col0_04-Fish Eye Corrected_seed_mask.tif
/home/y2b/2025-26b-fai2-adsai-OleksiiKrasnoshtanov240247/DataLabs/data/raw/Y2B_23/images/train/042_43-18-ROOT1-2023-08-08_pvdCherry_OD001_f6h1_02-Fish Eye Corrected.png,/home/y2b/2025-26b-fai2-adsai-OleksiiKrasnoshtanov240247/DataLabs/data/raw/Y2B_23/masks/042_43-18-ROOT1-2023-08-08_pvdCherry_OD001_f6h1_02-Fish Eye Corrected_root_mask.tif,/home/y2b/2025-26b-fai2-adsai-OleksiiKrasnoshtanov240247/DataLabs/data/raw/Y2B_23/masks/042_43-18-ROOT1-2023-08-08_pvdCherry_OD001_f6h1_02-Fish Eye Corrected_shoot_mask.tif,/home/y2b/2025-26b-fai2-adsai-OleksiiKrasnoshtanov240247/DataLabs/data/raw/Y2B_23/masks/042_43-18-ROOT1-2023-08-08_pvdCherry_OD001_f6h1_02-Fish Eye Corrected_seed_mask.tif
/home/y2b/2025-26b-fai2-adsai-OleksiiKrasnoshtanov240247/DataLabs/data/raw/Y2B_23/images/train/043_43-11-ROOT1-2023-08-08_pvd_OD0001_f6h1_03-Fish Eye Corrected.png,/home/y2b/2025-26b-fai2-adsai-OleksiiKrasnoshtanov240247/DataLabs/data/raw/Y2B_23/masks/043_43-11-ROOT1-2023-08-08_pvd_OD0001_f6h1_03-Fish Eye Corrected_root_mask.tif,/home/y2b/2025-26b-fai2-adsai-OleksiiKrasnoshtanov240247/DataLabs/data/raw/Y2B_23/masks/043_43-11-ROOT1-2023-08-08_pvd_OD0001_f6h1_03-Fish Eye Corrected_shoot_mask.tif,/home/y2b/2025-26b-fai2-adsai-OleksiiKrasnoshtanov240247/DataLabs/data/raw/Y2B_23/masks/043_43-11-ROOT1-2023-08-08_pvd_OD0001_f6h1_03-Fish Eye Corrected_seed_mask.tif
/home/y2b/2025-26b-fai2-adsai-OleksiiKrasnoshtanov240247/DataLabs/data/raw/Y2B_23/images/train/043_43-14-ROOT1-2023-08-08_mock_pH5_f6h1_02-Fish Eye Corrected.png,/home/y2b/2025-26b-fai2-adsai-OleksiiKrasnoshtanov240247/DataLabs/data/raw/Y2B_23/masks/043_43-14-ROOT1-2023-08-08_mock_pH5_f6h1_02-Fish Eye Corrected_root_mask.tif,/home/y2b/2025-26b-fai2-adsai-OleksiiKrasnoshtanov240247/DataLabs/data/raw/Y2B_23/masks/043_43-14-ROOT1-2023-08-08_mock_pH5_f6h1_02-Fish Eye Corrected_shoot_mask.tif,/home/y2b/2025-26b-fai2-adsai-OleksiiKrasnoshtanov240247/DataLabs/data/raw/Y2B_23/masks/043_43-14-ROOT1-2023-08-08_mock_pH5_f6h1_02-Fish Eye Corrected_seed_mask.tif
/home/y2b/2025-26b-fai2-adsai-OleksiiKrasnoshtanov240247/DataLabs/data/raw/Y2B_23/images/train/043_43-18-ROOT1-2023-08-08_pvd_OD01_f6h1_02-Fish Eye Corrected.png,/home/y2b/2025-26b-fai2-adsai-OleksiiKrasnoshtanov240247/DataLabs/data/raw/Y2B_23/masks/043_43-18-ROOT1-2023-08-08_pvd_OD01_f6h1_02-Fish Eye Corrected_root_mask.tif,/home/y2b/2025-26b-fai2-adsai-OleksiiKrasnoshtanov240247/DataLabs/data/raw/Y2B_23/masks/043_43-18-ROOT1-2023-08-08_pvd_OD01_f6h1_02-Fish Eye Corrected_shoot_mask.tif,/home/y2b/2025-26b-fai2-adsai-OleksiiKrasnoshtanov240247/DataLabs/data/raw/Y2B_23/masks/043_43-18-ROOT1-2023-08-08_pvd_OD01_f6h1_02-Fish Eye Corrected_seed_mask.tif
/home/y2b/2025-26b-fai2-adsai-OleksiiKrasnoshtanov240247/DataLabs/data/raw/Y2B_23/images/train/044_43-13-ROOT1-2023-08-08_pvdCherry_OD001_Col0_02-Fish Eye Corrected.png,/home/y2b/2025-26b-fai2-adsai-OleksiiKrasnoshtanov240247/DataLabs/data/raw/Y2B_23/masks/044_43-13-ROOT1-2023-08-08_pvdCherry_OD001_Col0_02-Fish Eye Corrected_root_mask.tif,/home/y2b/2025-26b-fai2-adsai-OleksiiKrasnoshtanov240247/DataLabs/data/raw/Y2B_23/masks/044_43-13-ROOT1-2023-08-08_pvdCherry_OD001_Col0_02-Fish Eye Corrected_shoot_mask.tif,/home/y2b/2025-26b-fai2-adsai-OleksiiKrasnoshtanov240247/DataLabs/data/raw/Y2B_23/masks/044_43-13-ROOT1-2023-08-08_pvdCherry_OD001_Col0_02-Fish Eye Corrected_seed_mask.tif
/home/y2b/2025-26b-fai2-adsai-OleksiiKrasnoshtanov240247/DataLabs/data/raw/Y2B_23/images/train/044_43-13-ROOT1-2023-08-08_pvd_OD0001_col-0_05-Fish Eye Corrected.png,/home/y2b/2025-26b-fai2-adsai-OleksiiKrasnoshtanov240247/DataLabs/data/raw/Y2B_23/masks/044_43-13-ROOT1-2023-08-08_pvd_OD0001_col-0_05-Fish Eye Corrected_root_mask.tif,/home/y2b/2025-26b-fai2-adsai-OleksiiKrasnoshtanov240247/DataLabs/data/raw/Y2B_23/masks/044_43-13-ROOT1-2023-08-08_pvd_OD0001_col-0_05-Fish Eye Corrected_shoot_mask.tif,/home/y2b/2025-26b-fai2-adsai-OleksiiKrasnoshtanov240247/DataLabs/data/raw/Y2B_23/masks/044_43-13-ROOT1-2023-08-08_pvd_OD0001_col-0_05-Fish Eye Corrected_seed_mask.tif
/home/y2b/2025-26b-fai2-adsai-OleksiiKrasnoshtanov240247/DataLabs/data/raw/Y2B_23/images/train/044_43-17-ROOT1-2023-08-08_control_pH7_-Fe+B_f6h1_03-Fish Eye Corrected.png,/home/y2b/2025-26b-fai2-adsai-OleksiiKrasnoshtanov240247/DataLabs/data/raw/Y2B_23/masks/044_43-17-ROOT1-2023-08-08_control_pH7_-Fe+B_f6h1_03-Fish Eye Corrected_root_mask.tif,/home/y2b/2025-26b-fai2-adsai-OleksiiKrasnoshtanov240247/DataLabs/data/raw/Y2B_23/masks/044_43-17-ROOT1-2023-08-08_control_pH7_-Fe+B_f6h1_03-Fish Eye Corrected_shoot_mask.tif,/home/y2b/2025-26b-fai2-adsai-OleksiiKrasnoshtanov240247/DataLabs/data/raw/Y2B_23/masks/044_43-17-ROOT1-2023-08-08_control_pH7_-Fe+B_f6h1_03-Fish Eye Corrected_seed_mask.tif
/home/y2b/2025-26b-fai2-adsai-OleksiiKrasnoshtanov240247/DataLabs/data/raw/Y2B_23/images/train/045_43-11-ROOT1-2023-08-08_mock_pH5_+Fe_Col0_01-Fish Eye Corrected.png,/home/y2b/2025-26b-fai2-adsai-OleksiiKrasnoshtanov240247/DataLabs/data/raw/Y2B_23/masks/045_43-11-ROOT1-2023-08-08_mock_pH5_+Fe_Col0_01-Fish Eye Corrected_root_mask.tif,/home/y2b/2025-26b-fai2-adsai-OleksiiKrasnoshtanov240247/DataLabs/data/raw/Y2B_23/masks/045_43-11-ROOT1-2023-08-08_mock_pH5_+Fe_Col0_01-Fish Eye Corrected_shoot_mask.tif,/home/y2b/2025-26b-fai2-adsai-OleksiiKrasnoshtanov240247/DataLabs/data/raw/Y2B_23/masks/045_43-11-ROOT1-2023-08-08_mock_pH5_+Fe_Col0_01-Fish Eye Corrected_seed_mask.tif
/home/y2b/2025-26b-fai2-adsai-OleksiiKrasnoshtanov240247/DataLabs/data/raw/Y2B_23/images/train/045_43-17-ROOT1-2023-08-08_control_pH7_-Fe+B_col0_02-Fish Eye Corrected.png,/home/y2b/2025-26b-fai2-adsai-OleksiiKrasnoshtanov240247/DataLabs/data/raw/Y2B_23/masks/045_43-17-ROOT1-2023-08-08_control_pH7_-Fe+B_col0_02-Fish Eye Corrected_root_mask.tif,/home/y2b/2025-26b-fai2-adsai-OleksiiKrasnoshtanov240247/DataLabs/data/raw/Y2B_23/masks/045_43-17-ROOT1-2023-08-08_control_pH7_-Fe+B_col0_02-Fish Eye Corrected_shoot_mask.tif,/home/y2b/2025-26b-fai2-adsai-OleksiiKrasnoshtanov240247/DataLabs/data/raw/Y2B_23/masks/045_43-17-ROOT1-2023-08-08_control_pH7_-Fe+B_col0_02-Fish Eye Corrected_seed_mask.tif
/home/y2b/2025-26b-fai2-adsai-OleksiiKrasnoshtanov240247/DataLabs/data/raw/Y2B_23/images/train/045_43-17-ROOT1-2023-08-08_pvd_OD01_f6h1_04-Fish Eye Corrected.png,/home/y2b/2025-26b-fai2-adsai-OleksiiKrasnoshtanov240247/DataLabs/data/raw/Y2B_23/masks/045_43-17-ROOT1-2023-08-08_pvd_OD01_f6h1_04-Fish Eye Corrected_root_mask.tif,/home/y2b/2025-26b-fai2-adsai-OleksiiKrasnoshtanov240247/DataLabs/data/raw/Y2B_23/masks/045_43-17-ROOT1-2023-08-08_pvd_OD01_f6h1_04-Fish Eye Corrected_shoot_mask.tif,/home/y2b/2025-26b-fai2-adsai-OleksiiKrasnoshtanov240247/DataLabs/data/raw/Y2B_23/masks/045_43-17-ROOT1-2023-08-08_pvd_OD01_f6h1_04-Fish Eye Corrected_seed_mask.tif
/home/y2b/2025-26b-fai2-adsai-OleksiiKrasnoshtanov240247/DataLabs/data/raw/Y2B_23/images/train/046_43-13-ROOT1-2023-08-08_mock_pH5_f6h1_01-Fish Eye Corrected.png,/home/y2b/2025-26b-fai2-adsai-OleksiiKrasnoshtanov240247/DataLabs/data/raw/Y2B_23/masks/046_43-13-ROOT1-2023-08-08_mock_pH5_f6h1_01-Fish Eye Corrected_root_mask.tif,/home/y2b/2025-26b-fai2-adsai-OleksiiKrasnoshtanov240247/DataLabs/data/raw/Y2B_23/masks/046_43-13-ROOT1-2023-08-08_mock_pH5_f6h1_01-Fish Eye Corrected_shoot_mask.tif,/home/y2b/2025-26b-fai2-adsai-OleksiiKrasnoshtanov240247/DataLabs/data/raw/Y2B_23/masks/046_43-13-ROOT1-2023-08-08_mock_pH5_f6h1_01-Fish Eye Corrected_seed_mask.tif
/home/y2b/2025-26b-fai2-adsai-OleksiiKrasnoshtanov240247/DataLabs/data/raw/Y2B_23/images/train/046_43-13-ROOT1-2023-08-08_pvdCherry_OD001_f6h1_03-Fish Eye Corrected.png,/home/y2b/2025-26b-fai2-adsai-OleksiiKrasnoshtanov240247/DataLabs/data/raw/Y2B_23/masks/046_43-13-ROOT1-2023-08-08_pvdCherry_OD001_f6h1_03-Fish Eye Corrected_root_mask.tif,/home/y2b/2025-26b-fai2-adsai-OleksiiKrasnoshtanov240247/DataLabs/data/raw/Y2B_23/masks/046_43-13-ROOT1-2023-08-08_pvdCherry_OD001_f6h1_03-Fish Eye Corrected_shoot_mask.tif,/home/y2b/2025-26b-fai2-adsai-OleksiiKrasnoshtanov240247/DataLabs/data/raw/Y2B_23/masks/046_43-13-ROOT1-2023-08-08_pvdCherry_OD001_f6h1_03-Fish Eye Corrected_seed_mask.tif
/home/y2b/2025-26b-fai2-adsai-OleksiiKrasnoshtanov240247/DataLabs/data/raw/Y2B_23/images/train/046_43-13-ROOT1-2023-08-08_pvd_OD001_Col0_04-Fish Eye Corrected.png,/home/y2b/2025-26b-fai2-adsai-OleksiiKrasnoshtanov240247/DataLabs/data/raw/Y2B_23/masks/046_43-13-ROOT1-2023-08-08_pvd_OD001_Col0_04-Fish Eye Corrected_root_mask.tif,/home/y2b/2025-26b-fai2-adsai-OleksiiKrasnoshtanov240247/DataLabs/data/raw/Y2B_23/masks/046_43-13-ROOT1-2023-08-08_pvd_OD001_Col0_04-Fish Eye Corrected_shoot_mask.tif,/home/y2b/2025-26b-fai2-adsai-OleksiiKrasnoshtanov240247/DataLabs/data/raw/Y2B_23/masks/046_43-13-ROOT1-2023-08-08_pvd_OD001_Col0_04-Fish Eye Corrected_seed_mask.tif
/home/y2b/2025-26b-fai2-adsai-OleksiiKrasnoshtanov240247/DataLabs/data/raw/Y2B_23/images/train/047_43-11-ROOT1-2023-08-08_pvd_OD0001_f6h1_04-Fish Eye Corrected.png,/home/y2b/2025-26b-fai2-adsai-OleksiiKrasnoshtanov240247/DataLabs/data/raw/Y2B_23/masks/047_43-11-ROOT1-2023-08-08_pvd_OD0001_f6h1_04-Fish Eye Corrected_root_mask.tif,/home/y2b/2025-26b-fai2-adsai-OleksiiKrasnoshtanov240247/DataLabs/data/raw/Y2B_23/masks/047_43-11-ROOT1-2023-08-08_pvd_OD0001_f6h1_04-Fish Eye Corrected_shoot_mask.tif,/home/y2b/2025-26b-fai2-adsai-OleksiiKrasnoshtanov240247/DataLabs/data/raw/Y2B_23/masks/047_43-11-ROOT1-2023-08-08_pvd_OD0001_f6h1_04-Fish Eye Corrected_seed_mask.tif
/home/y2b/2025-26b-fai2-adsai-OleksiiKrasnoshtanov240247/DataLabs/data/raw/Y2B_23/images/train/047_43-17-ROOT1-2023-08-08_pvdCherry_OD01_Col0_03-Fish Eye Corrected.png,/home/y2b/2025-26b-fai2-adsai-OleksiiKrasnoshtanov240247/DataLabs/data/raw/Y2B_23/masks/047_43-17-ROOT1-2023-08-08_pvdCherry_OD01_Col0_03-Fish Eye Corrected_root_mask.tif,/home/y2b/2025-26b-fai2-adsai-OleksiiKrasnoshtanov240247/DataLabs/data/raw/Y2B_23/masks/047_43-17-ROOT1-2023-08-08_pvdCherry_OD01_Col0_03-Fish Eye Corrected_shoot_mask.tif,/home/y2b/2025-26b-fai2-adsai-OleksiiKrasnoshtanov240247/DataLabs/data/raw/Y2B_23/masks/047_43-17-ROOT1-2023-08-08_pvdCherry_OD01_Col0_03-Fish Eye Corrected_seed_mask.tif
/home/y2b/2025-26b-fai2-adsai-OleksiiKrasnoshtanov240247/DataLabs/data/raw/Y2B_23/images/train/047_43-17-ROOT1-2023-08-08_pvd_OD01_f6h1_03-Fish Eye Corrected.png,/home/y2b/2025-26b-fai2-adsai-OleksiiKrasnoshtanov240247/DataLabs/data/raw/Y2B_23/masks/047_43-17-ROOT1-2023-08-08_pvd_OD01_f6h1_03-Fish Eye Corrected_root_mask.tif,/home/y2b/2025-26b-fai2-adsai-OleksiiKrasnoshtanov240247/DataLabs/data/raw/Y2B_23/masks/047_43-17-ROOT1-2023-08-08_pvd_OD01_f6h1_03-Fish Eye Corrected_shoot_mask.tif,/home/y2b/2025-26b-fai2-adsai-OleksiiKrasnoshtanov240247/DataLabs/data/raw/Y2B_23/masks/047_43-17-ROOT1-2023-08-08_pvd_OD01_f6h1_03-Fish Eye Corrected_seed_mask.tif
/home/y2b/2025-26b-fai2-adsai-OleksiiKrasnoshtanov240247/DataLabs/data/raw/Y2B_23/images/train/048_43-11-ROOT1-2023-08-08_mock_pH5_+Fe_Col0_02-Fish Eye Corrected.png,/home/y2b/2025-26b-fai2-adsai-OleksiiKrasnoshtanov240247/DataLabs/data/raw/Y2B_23/masks/048_43-11-ROOT1-2023-08-08_mock_pH5_+Fe_Col0_02-Fish Eye Corrected_root_mask.tif,/home/y2b/2025-26b-fai2-adsai-OleksiiKrasnoshtanov240247/DataLabs/data/raw/Y2B_23/masks/048_43-11-ROOT1-2023-08-08_mock_pH5_+Fe_Col0_02-Fish Eye Corrected_shoot_mask.tif,/home/y2b/2025-26b-fai2-adsai-OleksiiKrasnoshtanov240247/DataLabs/data/raw/Y2B_23/masks/048_43-11-ROOT1-2023-08-08_mock_pH5_+Fe_Col0_02-Fish Eye Corrected_seed_mask.tif
/home/y2b/2025-26b-fai2-adsai-OleksiiKrasnoshtanov240247/DataLabs/data/raw/Y2B_23/images/train/048_43-14-ROOT1-2023-08-08_pvd_OD0001_col-0_01-Fish Eye Corrected.png,/home/y2b/2025-26b-fai2-adsai-OleksiiKrasnoshtanov240247/DataLabs/data/raw/Y2B_23/masks/048_43-14-ROOT1-2023-08-08_pvd_OD0001_col-0_01-Fish Eye Corrected_root_mask.tif,/home/y2b/2025-26b-fai2-adsai-OleksiiKrasnoshtanov240247/DataLabs/data/raw/Y2B_23/masks/048_43-14-ROOT1-2023-08-08_pvd_OD0001_col-0_01-Fish Eye Corrected_shoot_mask.tif,/home/y2b/2025-26b-fai2-adsai-OleksiiKrasnoshtanov240247/DataLabs/data/raw/Y2B_23/masks/048_43-14-ROOT1-2023-08-08_pvd_OD0001_col-0_01-Fish Eye Corrected_seed_mask.tif
/home/y2b/2025-26b-fai2-adsai-OleksiiKrasnoshtanov240247/DataLabs/data/raw/Y2B_23/images/train/048_43-18-ROOT1-2023-08-08_pvd_OD0001_col-0_02-Fish Eye Corrected.png,/home/y2b/2025-26b-fai2-adsai-OleksiiKrasnoshtanov240247/DataLabs/data/raw/Y2B_23/masks/048_43-18-ROOT1-2023-08-08_pvd_OD0001_col-0_02-Fish Eye Corrected_root_mask.tif,/home/y2b/2025-26b-fai2-adsai-OleksiiKrasnoshtanov240247/DataLabs/data/raw/Y2B_23/masks/048_43-18-ROOT1-2023-08-08_pvd_OD0001_col-0_02-Fish Eye Corrected_shoot_mask.tif,/home/y2b/2025-26b-fai2-adsai-OleksiiKrasnoshtanov240247/DataLabs/data/raw/Y2B_23/masks/048_43-18-ROOT1-2023-08-08_pvd_OD0001_col-0_02-Fish Eye Corrected_seed_mask.tif
/home/y2b/2025-26b-fai2-adsai-OleksiiKrasnoshtanov240247/DataLabs/data/raw/Y2B_23/images/train/049_43-11-ROOT1-2023-08-08_pvd_OD01_f6h1_05-Fish Eye Corrected.png,/home/y2b/2025-26b-fai2-adsai-OleksiiKrasnoshtanov240247/DataLabs/data/raw/Y2B_23/masks/049_43-11-ROOT1-2023-08-08_pvd_OD01_f6h1_05-Fish Eye Corrected_root_mask.tif,/home/y2b/2025-26b-fai2-adsai-OleksiiKrasnoshtanov240247/DataLabs/data/raw/Y2B_23/masks/049_43-11-ROOT1-2023-08-08_pvd_OD01_f6h1_05-Fish Eye Corrected_shoot_mask.tif,/home/y2b/2025-26b-fai2-adsai-OleksiiKrasnoshtanov240247/DataLabs/data/raw/Y2B_23/masks/049_43-11-ROOT1-2023-08-08_pvd_OD01_f6h1_05-Fish Eye Corrected_seed_mask.tif
/home/y2b/2025-26b-fai2-adsai-OleksiiKrasnoshtanov240247/DataLabs/data/raw/Y2B_23/images/train/049_43-17-ROOT1-2023-08-08_control_pH7_-Fe+B_f6h1_01-Fish Eye Corrected.png,/home/y2b/2025-26b-fai2-adsai-OleksiiKrasnoshtanov240247/DataLabs/data/raw/Y2B_23/masks/049_43-17-ROOT1-2023-08-08_control_pH7_-Fe+B_f6h1_01-Fish Eye Corrected_root_mask.tif,/home/y2b/2025-26b-fai2-adsai-OleksiiKrasnoshtanov240247/DataLabs/data/raw/Y2B_23/masks/049_43-17-ROOT1-2023-08-08_control_pH7_-Fe+B_f6h1_01-Fish Eye Corrected_shoot_mask.tif,/home/y2b/2025-26b-fai2-adsai-OleksiiKrasnoshtanov240247/DataLabs/data/raw/Y2B_23/masks/049_43-17-ROOT1-2023-08-08_control_pH7_-Fe+B_f6h1_01-Fish Eye Corrected_seed_mask.tif
/home/y2b/2025-26b-fai2-adsai-OleksiiKrasnoshtanov240247/DataLabs/data/raw/Y2B_23/images/train/049_43-17-ROOT1-2023-08-08_control_pH7_-Fe+B_f6h1_02-Fish Eye Corrected.png,/home/y2b/2025-26b-fai2-adsai-OleksiiKrasnoshtanov240247/DataLabs/data/raw/Y2B_23/masks/049_43-17-ROOT1-2023-08-08_control_pH7_-Fe+B_f6h1_02-Fish Eye Corrected_root_mask.tif,/home/y2b/2025-26b-fai2-adsai-OleksiiKrasnoshtanov240247/DataLabs/data/raw/Y2B_23/masks/049_43-17-ROOT1-2023-08-08_control_pH7_-Fe+B_f6h1_02-Fish Eye Corrected_shoot_mask.tif,/home/y2b/2025-26b-fai2-adsai-OleksiiKrasnoshtanov240247/DataLabs/data/raw/Y2B_23/masks/049_43-17-ROOT1-2023-08-08_control_pH7_-Fe+B_f6h1_02-Fish Eye Corrected_seed_mask.tif
/home/y2b/2025-26b-fai2-adsai-OleksiiKrasnoshtanov240247/DataLabs/data/raw/Y2B_23/images/train/050_43-11-ROOT1-2023-08-08_mock_pH5_+Fe_Col0_04-Fish Eye Corrected.png,/home/y2b/2025-26b-fai2-adsai-OleksiiKrasnoshtanov240247/DataLabs/data/raw/Y2B_23/masks/050_43-11-ROOT1-2023-08-08_mock_pH5_+Fe_Col0_04-Fish Eye Corrected_root_mask.tif,/home/y2b/2025-26b-fai2-adsai-OleksiiKrasnoshtanov240247/DataLabs/data/raw/Y2B_23/masks/050_43-11-ROOT1-2023-08-08_mock_pH5_+Fe_Col0_04-Fish Eye Corrected_shoot_mask.tif,/home/y2b/2025-26b-fai2-adsai-OleksiiKrasnoshtanov240247/DataLabs/data/raw/Y2B_23/masks/050_43-11-ROOT1-2023-08-08_mock_pH5_+Fe_Col0_04-Fish Eye Corrected_seed_mask.tif
/home/y2b/2025-26b-fai2-adsai-OleksiiKrasnoshtanov240247/DataLabs/data/raw/Y2B_23/images/train/050_43-14-ROOT1-2023-08-08_pvd_OD0001_col-0_02-Fish Eye Corrected.png,/home/y2b/2025-26b-fai2-adsai-OleksiiKrasnoshtanov240247/DataLabs/data/raw/Y2B_23/masks/050_43-14-ROOT1-2023-08-08_pvd_OD0001_col-0_02-Fish Eye Corrected_root_mask.tif,/home/y2b/2025-26b-fai2-adsai-OleksiiKrasnoshtanov240247/DataLabs/data/raw/Y2B_23/masks/050_43-14-ROOT1-2023-08-08_pvd_OD0001_col-0_02-Fish Eye Corrected_shoot_mask.tif,/home/y2b/2025-26b-fai2-adsai-OleksiiKrasnoshtanov240247/DataLabs/data/raw/Y2B_23/masks/050_43-14-ROOT1-2023-08-08_pvd_OD0001_col-0_02-Fish Eye Corrected_seed_mask.tif
/home/y2b/2025-26b-fai2-adsai-OleksiiKrasnoshtanov240247/DataLabs/data/raw/Y2B_23/images/train/050_43-18-ROOT1-2023-08-08_mock_pH5_f6h1_04-Fish Eye Corrected.png,/home/y2b/2025-26b-fai2-adsai-OleksiiKrasnoshtanov240247/DataLabs/data/raw/Y2B_23/masks/050_43-18-ROOT1-2023-08-08_mock_pH5_f6h1_04-Fish Eye Corrected_root_mask.tif,/home/y2b/2025-26b-fai2-adsai-OleksiiKrasnoshtanov240247/DataLabs/data/raw/Y2B_23/masks/050_43-18-ROOT1-2023-08-08_mock_pH5_f6h1_04-Fish Eye Corrected_shoot_mask.tif,/home/y2b/2025-26b-fai2-adsai-OleksiiKrasnoshtanov240247/DataLabs/data/raw/Y2B_23/masks/050_43-18-ROOT1-2023-08-08_mock_pH5_f6h1_04-Fish Eye Corrected_seed_mask.tif
/home/y2b/2025-26b-fai2-adsai-OleksiiKrasnoshtanov240247/DataLabs/data/raw/Y2B_23/images/train/051_43-11-ROOT1-2023-08-08_control_pH7_-Fe+B_col0_04-Fish Eye Corrected.png,/home/y2b/2025-26b-fai2-adsai-OleksiiKrasnoshtanov240247/DataLabs/data/raw/Y2B_23/masks/051_43-11-ROOT1-2023-08-08_control_pH7_-Fe+B_col0_04-Fish Eye Corrected_root_mask.tif,/home/y2b/2025-26b-fai2-adsai-OleksiiKrasnoshtanov240247/DataLabs/data/raw/Y2B_23/masks/051_43-11-ROOT1-2023-08-08_control_pH7_-Fe+B_col0_04-Fish Eye Corrected_shoot_mask.tif,/home/y2b/2025-26b-fai2-adsai-OleksiiKrasnoshtanov240247/DataLabs/data/raw/Y2B_23/masks/051_43-11-ROOT1-2023-08-08_control_pH7_-Fe+B_col0_04-Fish Eye Corrected_seed_mask.tif
/home/y2b/2025-26b-fai2-adsai-OleksiiKrasnoshtanov240247/DataLabs/data/raw/Y2B_23/images/train/051_43-13-ROOT1-2023-08-08_pvdCherry_OD001_f6h1_01-Fish Eye Corrected.png,/home/y2b/2025-26b-fai2-adsai-OleksiiKrasnoshtanov240247/DataLabs/data/raw/Y2B_23/masks/051_43-13-ROOT1-2023-08-08_pvdCherry_OD001_f6h1_01-Fish Eye Corrected_root_mask.tif,/home/y2b/2025-26b-fai2-adsai-OleksiiKrasnoshtanov240247/DataLabs/data/raw/Y2B_23/masks/051_43-13-ROOT1-2023-08-08_pvdCherry_OD001_f6h1_01-Fish Eye Corrected_shoot_mask.tif,/home/y2b/2025-26b-fai2-adsai-OleksiiKrasnoshtanov240247/DataLabs/data/raw/Y2B_23/masks/051_43-13-ROOT1-2023-08-08_pvdCherry_OD001_f6h1_01-Fish Eye Corrected_seed_mask.tif
/home/y2b/2025-26b-fai2-adsai-OleksiiKrasnoshtanov240247/DataLabs/data/raw/Y2B_23/images/train/051_43-18-ROOT1-2023-08-08_pvd_OD0001_col-0_01-Fish Eye Corrected.png,/home/y2b/2025-26b-fai2-adsai-OleksiiKrasnoshtanov240247/DataLabs/data/raw/Y2B_23/masks/051_43-18-ROOT1-2023-08-08_pvd_OD0001_col-0_01-Fish Eye Corrected_root_mask.tif,/home/y2b/2025-26b-fai2-adsai-OleksiiKrasnoshtanov240247/DataLabs/data/raw/Y2B_23/masks/051_43-18-ROOT1-2023-08-08_pvd_OD0001_col-0_01-Fish Eye Corrected_shoot_mask.tif,/home/y2b/2025-26b-fai2-adsai-OleksiiKrasnoshtanov240247/DataLabs/data/raw/Y2B_23/masks/051_43-18-ROOT1-2023-08-08_pvd_OD0001_col-0_01-Fish Eye Corrected_seed_mask.tif
/home/y2b/2025-26b-fai2-adsai-OleksiiKrasnoshtanov240247/DataLabs/data/raw/Y2B_23/images/train/052_43-11-ROOT1-2023-08-08_pvd_OD001_Col0_03-Fish Eye Corrected.png,/home/y2b/2025-26b-fai2-adsai-OleksiiKrasnoshtanov240247/DataLabs/data/raw/Y2B_23/masks/052_43-11-ROOT1-2023-08-08_pvd_OD001_Col0_03-Fish Eye Corrected_root_mask.tif,/home/y2b/2025-26b-fai2-adsai-OleksiiKrasnoshtanov240247/DataLabs/data/raw/Y2B_23/masks/052_43-11-ROOT1-2023-08-08_pvd_OD001_Col0_03-Fish Eye Corrected_shoot_mask.tif,/home/y2b/2025-26b-fai2-adsai-OleksiiKrasnoshtanov240247/DataLabs/data/raw/Y2B_23/masks/052_43-11-ROOT1-2023-08-08_pvd_OD001_Col0_03-Fish Eye Corrected_seed_mask.tif
/home/y2b/2025-26b-fai2-adsai-OleksiiKrasnoshtanov240247/DataLabs/data/raw/Y2B_23/images/train/052_43-17-ROOT1-2023-08-08_pvd_OD0001_col-0_03-Fish Eye Corrected.png,/home/y2b/2025-26b-fai2-adsai-OleksiiKrasnoshtanov240247/DataLabs/data/raw/Y2B_23/masks/052_43-17-ROOT1-2023-08-08_pvd_OD0001_col-0_03-Fish Eye Corrected_root_mask.tif,/home/y2b/2025-26b-fai2-adsai-OleksiiKrasnoshtanov240247/DataLabs/data/raw/Y2B_23/masks/052_43-17-ROOT1-2023-08-08_pvd_OD0001_col-0_03-Fish Eye Corrected_shoot_mask.tif,/home/y2b/2025-26b-fai2-adsai-OleksiiKrasnoshtanov240247/DataLabs/data/raw/Y2B_23/masks/052_43-17-ROOT1-2023-08-08_pvd_OD0001_col-0_03-Fish Eye Corrected_seed_mask.tif
/home/y2b/2025-26b-fai2-adsai-OleksiiKrasnoshtanov240247/DataLabs/data/raw/Y2B_23/images/train/052_43-18-ROOT1-2023-08-08_pvd_OD0001_f6h1_03-Fish Eye Corrected.png,/home/y2b/2025-26b-fai2-adsai-OleksiiKrasnoshtanov240247/DataLabs/data/raw/Y2B_23/masks/052_43-18-ROOT1-2023-08-08_pvd_OD0001_f6h1_03-Fish Eye Corrected_root_mask.tif,/home/y2b/2025-26b-fai2-adsai-OleksiiKrasnoshtanov240247/DataLabs/data/raw/Y2B_23/masks/052_43-18-ROOT1-2023-08-08_pvd_OD0001_f6h1_03-Fish Eye Corrected_shoot_mask.tif,/home/y2b/2025-26b-fai2-adsai-OleksiiKrasnoshtanov240247/DataLabs/data/raw/Y2B_23/masks/052_43-18-ROOT1-2023-08-08_pvd_OD0001_f6h1_03-Fish Eye Corrected_seed_mask.tif
/home/y2b/2025-26b-fai2-adsai-OleksiiKrasnoshtanov240247/DataLabs/data/raw/Y2B_24/images/train_Alican_212231_im1.png,/home/y2b/2025-26b-fai2-adsai-OleksiiKrasnoshtanov240247/DataLabs/data/raw/Y2B_24/masks/Alican/train_Alican_212231_im1_root_mask.tif,/home/y2b/2025-26b-fai2-adsai-OleksiiKrasnoshtanov240247/DataLabs/data/raw/Y2B_24/masks/Alican/train_Alican_212231_im1_shoot_mask.tif,/home/y2b/2025-26b-fai2-adsai-OleksiiKrasnoshtanov240247/DataLabs/data/raw/Y2B_24/masks/Alican/train_Alican_212231_im1_seed_mask.tif
/home/y2b/2025-26b-fai2-adsai-OleksiiKrasnoshtanov240247/DataLabs/data/raw/Y2B_24/images/train_Alican_212231_im2.png,/home/y2b/2025-26b-fai2-adsai-OleksiiKrasnoshtanov240247/DataLabs/data/raw/Y2B_24/masks/Alican/train_Alican_212231_im2_root_mask.tif,/home/y2b/2025-26b-fai2-adsai-OleksiiKrasnoshtanov240247/DataLabs/data/raw/Y2B_24/masks/Alican/train_Alican_212231_im2_shoot_mask.tif,/home/y2b/2025-26b-fai2-adsai-OleksiiKrasnoshtanov240247/DataLabs/data/raw/Y2B_24/masks/Alican/train_Alican_212231_im2_seed_mask.tif
/home/y2b/2025-26b-fai2-adsai-OleksiiKrasnoshtanov240247/DataLabs/data/raw/Y2B_24/images/train_Alican_212231_im3.png,/home/y2b/2025-26b-fai2-adsai-OleksiiKrasnoshtanov240247/DataLabs/data/raw/Y2B_24/masks/Alican/train_Alican_212231_im3_root_mask.tif,/home/y2b/2025-26b-fai2-adsai-OleksiiKrasnoshtanov240247/DataLabs/data/raw/Y2B_24/masks/Alican/train_Alican_212231_im3_shoot_mask.tif,/home/y2b/2025-26b-fai2-adsai-OleksiiKrasnoshtanov240247/DataLabs/data/raw/Y2B_24/masks/Alican/train_Alican_212231_im3_seed_mask.tif
/home/y2b/2025-26b-fai2-adsai-OleksiiKrasnoshtanov240247/DataLabs/data/raw/Y2B_24/images/train_Alican_212231_im4.png,/home/y2b/2025-26b-fai2-adsai-OleksiiKrasnoshtanov240247/DataLabs/data/raw/Y2B_24/masks/Alican/train_Alican_212231_im4_root_mask.tif,/home/y2b/2025-26b-fai2-adsai-OleksiiKrasnoshtanov240247/DataLabs/data/raw/Y2B_24/masks/Alican/train_Alican_212231_im4_shoot_mask.tif,/home/y2b/2025-26b-fai2-adsai-OleksiiKrasnoshtanov240247/DataLabs/data/raw/Y2B_24/masks/Alican/train_Alican_212231_im4_seed_mask.tif
/home/y2b/2025-26b-fai2-adsai-OleksiiKrasnoshtanov240247/DataLabs/data/raw/Y2B_24/images/train_Alican_212231_im5.png,/home/y2b/2025-26b-fai2-adsai-OleksiiKrasnoshtanov240247/DataLabs/data/raw/Y2B_24/masks/Alican/train_Alican_212231_im5_root_mask.tif,/home/y2b/2025-26b-fai2-adsai-OleksiiKrasnoshtanov240247/DataLabs/data/raw/Y2B_24/masks/Alican/train_Alican_212231_im5_shoot_mask.tif,/home/y2b/2025-26b-fai2-adsai-OleksiiKrasnoshtanov240247/DataLabs/data/raw/Y2B_24/masks/Alican/train_Alican_212231_im5_seed_mask.tif
/home/y2b/2025-26b-fai2-adsai-OleksiiKrasnoshtanov240247/DataLabs/data/raw/Y2B_24/images/train_Alican_220471_im1.png,FALSE,FALSE,FALSE
/home/y2b/2025-26b-fai2-adsai-OleksiiKrasnoshtanov240247/DataLabs/data/raw/Y2B_24/images/train_Alican_220471_im2.png,FALSE,FALSE,FALSE
/home/y2b/2025-26b-fai2-adsai-OleksiiKrasnoshtanov240247/DataLabs/data/raw/Y2B_24/images/train_Alican_220471_im3.png,FALSE,FALSE,FALSE
/home/y2b/2025-26b-fai2-adsai-OleksiiKrasnoshtanov240247/DataLabs/data/raw/Y2B_24/images/train_Alican_220471_im4.png,FALSE,FALSE,FALSE
/home/y2b/2025-26b-fai2-adsai-OleksiiKrasnoshtanov240247/DataLabs/data/raw/Y2B_24/images/train_Alican_220471_im5.png,FALSE,FALSE,FALSE
/home/y2b/2025-26b-fai2-adsai-OleksiiKrasnoshtanov240247/DataLabs/data/raw/Y2B_24/images/train_Alican_230858_im1.png,/home/y2b/2025-26b-fai2-adsai-OleksiiKrasnoshtanov240247/DataLabs/data/raw/Y2B_24/masks/Alican/train_Alican_230858_im1_root_mask.tif,/home/y2b/2025-26b-fai2-adsai-OleksiiKrasnoshtanov240247/DataLabs/data/raw/Y2B_24/masks/Alican/train_Alican_230858_im1_shoot_mask.tif,/home/y2b/2025-26b-fai2-adsai-OleksiiKrasnoshtanov240247/DataLabs/data/raw/Y2B_24/masks/Alican/train_Alican_230858_im1_seed_mask.tif
/home/y2b/2025-26b-fai2-adsai-OleksiiKrasnoshtanov240247/DataLabs/data/raw/Y2B_24/images/train_Alican_230858_im2.png,/home/y2b/2025-26b-fai2-adsai-OleksiiKrasnoshtanov240247/DataLabs/data/raw/Y2B_24/masks/Alican/train_Alican_230858_im2_root_mask.tif,/home/y2b/2025-26b-fai2-adsai-OleksiiKrasnoshtanov240247/DataLabs/data/raw/Y2B_24/masks/Alican/train_Alican_230858_im2_shoot_mask.tif,/home/y2b/2025-26b-fai2-adsai-OleksiiKrasnoshtanov240247/DataLabs/data/raw/Y2B_24/masks/Alican/train_Alican_230858_im2_seed_mask.tif
/home/y2b/2025-26b-fai2-adsai-OleksiiKrasnoshtanov240247/DataLabs/data/raw/Y2B_24/images/train_Alican_230858_im3.png,/home/y2b/2025-26b-fai2-adsai-OleksiiKrasnoshtanov240247/DataLabs/data/raw/Y2B_24/masks/Alican/train_Alican_230858_im3_root_mask.tif,/home/y2b/2025-26b-fai2-adsai-OleksiiKrasnoshtanov240247/DataLabs/data/raw/Y2B_24/masks/Alican/train_Alican_230858_im3_shoot_mask.tif,/home/y2b/2025-26b-fai2-adsai-OleksiiKrasnoshtanov240247/DataLabs/data/raw/Y2B_24/masks/Alican/train_Alican_230858_im3_seed_mask.tif
/home/y2b/2025-26b-fai2-adsai-OleksiiKrasnoshtanov240247/DataLabs/data/raw/Y2B_24/images/train_Alican_230858_im4.png,/home/y2b/2025-26b-fai2-adsai-OleksiiKrasnoshtanov240247/DataLabs/data/raw/Y2B_24/masks/Alican/train_Alican_230858_im4_root_mask.tif,/home/y2b/2025-26b-fai2-adsai-OleksiiKrasnoshtanov240247/DataLabs/data/raw/Y2B_24/masks/Alican/train_Alican_230858_im4_shoot_mask.tif,/home/y2b/2025-26b-fai2-adsai-OleksiiKrasnoshtanov240247/DataLabs/data/raw/Y2B_24/masks/Alican/train_Alican_230858_im4_seed_mask.tif
/home/y2b/2025-26b-fai2-adsai-OleksiiKrasnoshtanov240247/DataLabs/data/raw/Y2B_24/images/train_Alican_230858_im5.png,/home/y2b/2025-26b-fai2-adsai-OleksiiKrasnoshtanov240247/DataLabs/data/raw/Y2B_24/masks/Alican/train_Alican_230858_im5_root_mask.tif,/home/y2b/2025-26b-fai2-adsai-OleksiiKrasnoshtanov240247/DataLabs/data/raw/Y2B_24/masks/Alican/train_Alican_230858_im5_shoot_mask.tif,/home/y2b/2025-26b-fai2-adsai-OleksiiKrasnoshtanov240247/DataLabs/data/raw/Y2B_24/masks/Alican/train_Alican_230858_im5_seed_mask.tif
/home/y2b/2025-26b-fai2-adsai-OleksiiKrasnoshtanov240247/DataLabs/data/raw/Y2B_24/images/train_Alican_231131_im1.png,/home/y2b/2025-26b-fai2-adsai-OleksiiKrasnoshtanov240247/DataLabs/data/raw/Y2B_24/masks/Alican/train_Alican_231131_im1_root_mask.tif,/home/y2b/2025-26b-fai2-adsai-OleksiiKrasnoshtanov240247/DataLabs/data/raw/Y2B_24/masks/Alican/train_Alican_231131_im1_shoot_mask.tif,/home/y2b/2025-26b-fai2-adsai-OleksiiKrasnoshtanov240247/DataLabs/data/raw/Y2B_24/masks/Alican/train_Alican_231131_im1_seed_mask.tif
/home/y2b/2025-26b-fai2-adsai-OleksiiKrasnoshtanov240247/DataLabs/data/raw/Y2B_24/images/train_Alican_231131_im2.png,/home/y2b/2025-26b-fai2-adsai-OleksiiKrasnoshtanov240247/DataLabs/data/raw/Y2B_24/masks/Alican/train_Alican_231131_im2_root_mask.tif,/home/y2b/2025-26b-fai2-adsai-OleksiiKrasnoshtanov240247/DataLabs/data/raw/Y2B_24/masks/Alican/train_Alican_231131_im2_shoot_mask.tif,/home/y2b/2025-26b-fai2-adsai-OleksiiKrasnoshtanov240247/DataLabs/data/raw/Y2B_24/masks/Alican/train_Alican_231131_im2_seed_mask.tif
/home/y2b/2025-26b-fai2-adsai-OleksiiKrasnoshtanov240247/DataLabs/data/raw/Y2B_24/images/train_Alican_231131_im3.png,/home/y2b/2025-26b-fai2-adsai-OleksiiKrasnoshtanov240247/DataLabs/data/raw/Y2B_24/masks/Alican/train_Alican_231131_im3_root_mask.tif,/home/y2b/2025-26b-fai2-adsai-OleksiiKrasnoshtanov240247/DataLabs/data/raw/Y2B_24/masks/Alican/train_Alican_231131_im3_shoot_mask.tif,/home/y2b/2025-26b-fai2-adsai-OleksiiKrasnoshtanov240247/DataLabs/data/raw/Y2B_24/masks/Alican/train_Alican_231131_im3_seed_mask.tif
/home/y2b/2025-26b-fai2-adsai-OleksiiKrasnoshtanov240247/DataLabs/data/raw/Y2B_24/images/train_Alican_231131_im4.png,/home/y2b/2025-26b-fai2-adsai-OleksiiKrasnoshtanov240247/DataLabs/data/raw/Y2B_24/masks/Alican/train_Alican_231131_im4_root_mask.tif,/home/y2b/2025-26b-fai2-adsai-OleksiiKrasnoshtanov240247/DataLabs/data/raw/Y2B_24/masks/Alican/train_Alican_231131_im4_shoot_mask.tif,/home/y2b/2025-26b-fai2-adsai-OleksiiKrasnoshtanov240247/DataLabs/data/raw/Y2B_24/masks/Alican/train_Alican_231131_im4_seed_mask.tif
/home/y2b/2025-26b-fai2-adsai-OleksiiKrasnoshtanov240247/DataLabs/data/raw/Y2B_24/images/train_Alican_231131_im5.png,/home/y2b/2025-26b-fai2-adsai-OleksiiKrasnoshtanov240247/DataLabs/data/raw/Y2B_24/masks/Alican/train_Alican_231131_im5_root_mask.tif,/home/y2b/2025-26b-fai2-adsai-OleksiiKrasnoshtanov240247/DataLabs/data/raw/Y2B_24/masks/Alican/train_Alican_231131_im5_shoot_mask.tif,/home/y2b/2025-26b-fai2-adsai-OleksiiKrasnoshtanov240247/DataLabs/data/raw/Y2B_24/masks/Alican/train_Alican_231131_im5_seed_mask.tif
/home/y2b/2025-26b-fai2-adsai-OleksiiKrasnoshtanov240247/DataLabs/data/raw/Y2B_24/images/train_Alican_231648_im1.png,/home/y2b/2025-26b-fai2-adsai-OleksiiKrasnoshtanov240247/DataLabs/data/raw/Y2B_24/masks/Alican/train_Alican_231648_im1_root_mask.tif,/home/y2b/2025-26b-fai2-adsai-OleksiiKrasnoshtanov240247/DataLabs/data/raw/Y2B_24/masks/Alican/train_Alican_231648_im1_shoot_mask.tif,/home/y2b/2025-26b-fai2-adsai-OleksiiKrasnoshtanov240247/DataLabs/data/raw/Y2B_24/masks/Alican/train_Alican_231648_im1_seed_mask.tif
/home/y2b/2025-26b-fai2-adsai-OleksiiKrasnoshtanov240247/DataLabs/data/raw/Y2B_24/images/train_Alican_231648_im2.png,/home/y2b/2025-26b-fai2-adsai-OleksiiKrasnoshtanov240247/DataLabs/data/raw/Y2B_24/masks/Alican/train_Alican_231648_im2_root_mask.tif,/home/y2b/2025-26b-fai2-adsai-OleksiiKrasnoshtanov240247/DataLabs/data/raw/Y2B_24/masks/Alican/train_Alican_231648_im2_shoot_mask.tif,/home/y2b/2025-26b-fai2-adsai-OleksiiKrasnoshtanov240247/DataLabs/data/raw/Y2B_24/masks/Alican/train_Alican_231648_im2_seed_mask.tif
/home/y2b/2025-26b-fai2-adsai-OleksiiKrasnoshtanov240247/DataLabs/data/raw/Y2B_24/images/train_Alican_231648_im3.png,/home/y2b/2025-26b-fai2-adsai-OleksiiKrasnoshtanov240247/DataLabs/data/raw/Y2B_24/masks/Alican/train_Alican_231648_im3_root_mask.tif,/home/y2b/2025-26b-fai2-adsai-OleksiiKrasnoshtanov240247/DataLabs/data/raw/Y2B_24/masks/Alican/train_Alican_231648_im3_shoot_mask.tif,/home/y2b/2025-26b-fai2-adsai-OleksiiKrasnoshtanov240247/DataLabs/data/raw/Y2B_24/masks/Alican/train_Alican_231648_im3_seed_mask.tif
/home/y2b/2025-26b-fai2-adsai-OleksiiKrasnoshtanov240247/DataLabs/data/raw/Y2B_24/images/train_Alican_231648_im4.png,/home/y2b/2025-26b-fai2-adsai-OleksiiKrasnoshtanov240247/DataLabs/data/raw/Y2B_24/masks/Alican/train_Alican_231648_im4_root_mask.tif,/home/y2b/2025-26b-fai2-adsai-OleksiiKrasnoshtanov240247/DataLabs/data/raw/Y2B_24/masks/Alican/train_Alican_231648_im4_shoot_mask.tif,/home/y2b/2025-26b-fai2-adsai-OleksiiKrasnoshtanov240247/DataLabs/data/raw/Y2B_24/masks/Alican/train_Alican_231648_im4_seed_mask.tif
/home/y2b/2025-26b-fai2-adsai-OleksiiKrasnoshtanov240247/DataLabs/data/raw/Y2B_24/images/train_Alican_231648_im5.png,/home/y2b/2025-26b-fai2-adsai-OleksiiKrasnoshtanov240247/DataLabs/data/raw/Y2B_24/masks/Alican/train_Alican_231648_im5_root_mask.tif,/home/y2b/2025-26b-fai2-adsai-OleksiiKrasnoshtanov240247/DataLabs/data/raw/Y2B_24/masks/Alican/train_Alican_231648_im5_shoot_mask.tif,/home/y2b/2025-26b-fai2-adsai-OleksiiKrasnoshtanov240247/DataLabs/data/raw/Y2B_24/masks/Alican/train_Alican_231648_im5_seed_mask.tif
/home/y2b/2025-26b-fai2-adsai-OleksiiKrasnoshtanov240247/DataLabs/data/raw/Y2B_24/images/train_Alican_232202_im1.png,FALSE,FALSE,FALSE
/home/y2b/2025-26b-fai2-adsai-OleksiiKrasnoshtanov240247/DataLabs/data/raw/Y2B_24/images/train_Alican_232202_im2.png,FALSE,FALSE,FALSE
/home/y2b/2025-26b-fai2-adsai-OleksiiKrasnoshtanov240247/DataLabs/data/raw/Y2B_24/images/train_Alican_232202_im3.png,FALSE,FALSE,FALSE
/home/y2b/2025-26b-fai2-adsai-OleksiiKrasnoshtanov240247/DataLabs/data/raw/Y2B_24/images/train_Alican_232202_im4.png,FALSE,FALSE,FALSE
/home/y2b/2025-26b-fai2-adsai-OleksiiKrasnoshtanov240247/DataLabs/data/raw/Y2B_24/images/train_Alican_232202_im5.png,FALSE,FALSE,FALSE
/home/y2b/2025-26b-fai2-adsai-OleksiiKrasnoshtanov240247/DataLabs/data/raw/Y2B_24/images/train_Alican_232922_im1.png,/home/y2b/2025-26b-fai2-adsai-OleksiiKrasnoshtanov240247/DataLabs/data/raw/Y2B_24/masks/Alican/train_Alican_232922_im1_root_mask.tif,/home/y2b/2025-26b-fai2-adsai-OleksiiKrasnoshtanov240247/DataLabs/data/raw/Y2B_24/masks/Alican/train_Alican_232922_im1_shoot_mask.tif,/home/y2b/2025-26b-fai2-adsai-OleksiiKrasnoshtanov240247/DataLabs/data/raw/Y2B_24/masks/Alican/train_Alican_232922_im1_seed_mask.tif
/home/y2b/2025-26b-fai2-adsai-OleksiiKrasnoshtanov240247/DataLabs/data/raw/Y2B_24/images/train_Alican_232922_im2.png,/home/y2b/2025-26b-fai2-adsai-OleksiiKrasnoshtanov240247/DataLabs/data/raw/Y2B_24/masks/Alican/train_Alican_232922_im2_root_mask.tif,/home/y2b/2025-26b-fai2-adsai-OleksiiKrasnoshtanov240247/DataLabs/data/raw/Y2B_24/masks/Alican/train_Alican_232922_im2_shoot_mask.tif,/home/y2b/2025-26b-fai2-adsai-OleksiiKrasnoshtanov240247/DataLabs/data/raw/Y2B_24/masks/Alican/train_Alican_232922_im2_seed_mask.tif
/home/y2b/2025-26b-fai2-adsai-OleksiiKrasnoshtanov240247/DataLabs/data/raw/Y2B_24/images/train_Alican_232922_im3.png,/home/y2b/2025-26b-fai2-adsai-OleksiiKrasnoshtanov240247/DataLabs/data/raw/Y2B_24/masks/Alican/train_Alican_232922_im3_root_mask.tif,/home/y2b/2025-26b-fai2-adsai-OleksiiKrasnoshtanov240247/DataLabs/data/raw/Y2B_24/masks/Alican/train_Alican_232922_im3_shoot_mask.tif,/home/y2b/2025-26b-fai2-adsai-OleksiiKrasnoshtanov240247/DataLabs/data/raw/Y2B_24/masks/Alican/train_Alican_232922_im3_seed_mask.tif
/home/y2b/2025-26b-fai2-adsai-OleksiiKrasnoshtanov240247/DataLabs/data/raw/Y2B_24/images/train_Alican_232922_im4.png,/home/y2b/2025-26b-fai2-adsai-OleksiiKrasnoshtanov240247/DataLabs/data/raw/Y2B_24/masks/Alican/train_Alican_232922_im4_root_mask.tif,/home/y2b/2025-26b-fai2-adsai-OleksiiKrasnoshtanov240247/DataLabs/data/raw/Y2B_24/masks/Alican/train_Alican_232922_im4_shoot_mask.tif,/home/y2b/2025-26b-fai2-adsai-OleksiiKrasnoshtanov240247/DataLabs/data/raw/Y2B_24/masks/Alican/train_Alican_232922_im4_seed_mask.tif
/home/y2b/2025-26b-fai2-adsai-OleksiiKrasnoshtanov240247/DataLabs/data/raw/Y2B_24/images/train_Alican_232922_im5.png,/home/y2b/2025-26b-fai2-adsai-OleksiiKrasnoshtanov240247/DataLabs/data/raw/Y2B_24/masks/Alican/train_Alican_232922_im5_root_mask.tif,/home/y2b/2025-26b-fai2-adsai-OleksiiKrasnoshtanov240247/DataLabs/data/raw/Y2B_24/masks/Alican/train_Alican_232922_im5_shoot_mask.tif,/home/y2b/2025-26b-fai2-adsai-OleksiiKrasnoshtanov240247/DataLabs/data/raw/Y2B_24/masks/Alican/train_Alican_232922_im5_seed_mask.tif
/home/y2b/2025-26b-fai2-adsai-OleksiiKrasnoshtanov240247/DataLabs/data/raw/Y2B_24/images/train_Alican_233101_im1.png,/home/y2b/2025-26b-fai2-adsai-OleksiiKrasnoshtanov240247/DataLabs/data/raw/Y2B_24/masks/Alican/train_Alican_233101_im1_root_mask.tif,/home/y2b/2025-26b-fai2-adsai-OleksiiKrasnoshtanov240247/DataLabs/data/raw/Y2B_24/masks/Alican/train_Alican_233101_im1_shoot_mask.tif,/home/y2b/2025-26b-fai2-adsai-OleksiiKrasnoshtanov240247/DataLabs/data/raw/Y2B_24/masks/Alican/train_Alican_233101_im1_seed_mask.tif
/home/y2b/2025-26b-fai2-adsai-OleksiiKrasnoshtanov240247/DataLabs/data/raw/Y2B_24/images/train_Alican_233101_im2.png,/home/y2b/2025-26b-fai2-adsai-OleksiiKrasnoshtanov240247/DataLabs/data/raw/Y2B_24/masks/Alican/train_Alican_233101_im2_root_mask.tif,/home/y2b/2025-26b-fai2-adsai-OleksiiKrasnoshtanov240247/DataLabs/data/raw/Y2B_24/masks/Alican/train_Alican_233101_im2_shoot_mask.tif,/home/y2b/2025-26b-fai2-adsai-OleksiiKrasnoshtanov240247/DataLabs/data/raw/Y2B_24/masks/Alican/train_Alican_233101_im2_seed_mask.tif
/home/y2b/2025-26b-fai2-adsai-OleksiiKrasnoshtanov240247/DataLabs/data/raw/Y2B_24/images/train_Alican_233101_im3.png,/home/y2b/2025-26b-fai2-adsai-OleksiiKrasnoshtanov240247/DataLabs/data/raw/Y2B_24/masks/Alican/train_Alican_233101_im3_root_mask.tif,/home/y2b/2025-26b-fai2-adsai-OleksiiKrasnoshtanov240247/DataLabs/data/raw/Y2B_24/masks/Alican/train_Alican_233101_im3_shoot_mask.tif,/home/y2b/2025-26b-fai2-adsai-OleksiiKrasnoshtanov240247/DataLabs/data/raw/Y2B_24/masks/Alican/train_Alican_233101_im3_seed_mask.tif
/home/y2b/2025-26b-fai2-adsai-OleksiiKrasnoshtanov240247/DataLabs/data/raw/Y2B_24/images/train_Alican_233101_im4.png,/home/y2b/2025-26b-fai2-adsai-OleksiiKrasnoshtanov240247/DataLabs/data/raw/Y2B_24/masks/Alican/train_Alican_233101_im4_root_mask.tif,/home/y2b/2025-26b-fai2-adsai-OleksiiKrasnoshtanov240247/DataLabs/data/raw/Y2B_24/masks/Alican/train_Alican_233101_im4_shoot_mask.tif,/home/y2b/2025-26b-fai2-adsai-OleksiiKrasnoshtanov240247/DataLabs/data/raw/Y2B_24/masks/Alican/train_Alican_233101_im4_seed_mask.tif
/home/y2b/2025-26b-fai2-adsai-OleksiiKrasnoshtanov240247/DataLabs/data/raw/Y2B_24/images/train_Alican_233101_im5.png,/home/y2b/2025-26b-fai2-adsai-OleksiiKrasnoshtanov240247/DataLabs/data/raw/Y2B_24/masks/Alican/train_Alican_233101_im5_root_mask.tif,/home/y2b/2025-26b-fai2-adsai-OleksiiKrasnoshtanov240247/DataLabs/data/raw/Y2B_24/masks/Alican/train_Alican_233101_im5_shoot_mask.tif,/home/y2b/2025-26b-fai2-adsai-OleksiiKrasnoshtanov240247/DataLabs/data/raw/Y2B_24/masks/Alican/train_Alican_233101_im5_seed_mask.tif
/home/y2b/2025-26b-fai2-adsai-OleksiiKrasnoshtanov240247/DataLabs/data/raw/Y2B_24/images/train_Alican_233189_im1.png,/home/y2b/2025-26b-fai2-adsai-OleksiiKrasnoshtanov240247/DataLabs/data/raw/Y2B_24/masks/Alican/train_Alican_233189_im1_root_mask.tif,/home/y2b/2025-26b-fai2-adsai-OleksiiKrasnoshtanov240247/DataLabs/data/raw/Y2B_24/masks/Alican/train_Alican_233189_im1_shoot_mask.tif,/home/y2b/2025-26b-fai2-adsai-OleksiiKrasnoshtanov240247/DataLabs/data/raw/Y2B_24/masks/Alican/train_Alican_233189_im1_seed_mask.tif
/home/y2b/2025-26b-fai2-adsai-OleksiiKrasnoshtanov240247/DataLabs/data/raw/Y2B_24/images/train_Alican_233189_im2.png,/home/y2b/2025-26b-fai2-adsai-OleksiiKrasnoshtanov240247/DataLabs/data/raw/Y2B_24/masks/Alican/train_Alican_233189_im2_root_mask.tif,/home/y2b/2025-26b-fai2-adsai-OleksiiKrasnoshtanov240247/DataLabs/data/raw/Y2B_24/masks/Alican/train_Alican_233189_im2_shoot_mask.tif,/home/y2b/2025-26b-fai2-adsai-OleksiiKrasnoshtanov240247/DataLabs/data/raw/Y2B_24/masks/Alican/train_Alican_233189_im2_seed_mask.tif
/home/y2b/2025-26b-fai2-adsai-OleksiiKrasnoshtanov240247/DataLabs/data/raw/Y2B_24/images/train_Alican_233189_im3.png,/home/y2b/2025-26b-fai2-adsai-OleksiiKrasnoshtanov240247/DataLabs/data/raw/Y2B_24/masks/Alican/train_Alican_233189_im3_root_mask.tif,/home/y2b/2025-26b-fai2-adsai-OleksiiKrasnoshtanov240247/DataLabs/data/raw/Y2B_24/masks/Alican/train_Alican_233189_im3_shoot_mask.tif,/home/y2b/2025-26b-fai2-adsai-OleksiiKrasnoshtanov240247/DataLabs/data/raw/Y2B_24/masks/Alican/train_Alican_233189_im3_seed_mask.tif
/home/y2b/2025-26b-fai2-adsai-OleksiiKrasnoshtanov240247/DataLabs/data/raw/Y2B_24/images/train_Alican_233189_im4.png,/home/y2b/2025-26b-fai2-adsai-OleksiiKrasnoshtanov240247/DataLabs/data/raw/Y2B_24/masks/Alican/train_Alican_233189_im4_root_mask.tif,/home/y2b/2025-26b-fai2-adsai-OleksiiKrasnoshtanov240247/DataLabs/data/raw/Y2B_24/masks/Alican/train_Alican_233189_im4_shoot_mask.tif,/home/y2b/2025-26b-fai2-adsai-OleksiiKrasnoshtanov240247/DataLabs/data/raw/Y2B_24/masks/Alican/train_Alican_233189_im4_seed_mask.tif
/home/y2b/2025-26b-fai2-adsai-OleksiiKrasnoshtanov240247/DataLabs/data/raw/Y2B_24/images/train_Alican_233189_im5.png,/home/y2b/2025-26b-fai2-adsai-OleksiiKrasnoshtanov240247/DataLabs/data/raw/Y2B_24/masks/Alican/train_Alican_233189_im5_root_mask.tif,/home/y2b/2025-26b-fai2-adsai-OleksiiKrasnoshtanov240247/DataLabs/data/raw/Y2B_24/masks/Alican/train_Alican_233189_im5_shoot_mask.tif,/home/y2b/2025-26b-fai2-adsai-OleksiiKrasnoshtanov240247/DataLabs/data/raw/Y2B_24/masks/Alican/train_Alican_233189_im5_seed_mask.tif
/home/y2b/2025-26b-fai2-adsai-OleksiiKrasnoshtanov240247/DataLabs/data/raw/Y2B_24/images/train_Alican_234778_im1.png,/home/y2b/2025-26b-fai2-adsai-OleksiiKrasnoshtanov240247/DataLabs/data/raw/Y2B_24/masks/Alican/train_Alican_234778_im1_root_mask.tif,/home/y2b/2025-26b-fai2-adsai-OleksiiKrasnoshtanov240247/DataLabs/data/raw/Y2B_24/masks/Alican/train_Alican_234778_im1_shoot_mask.tif,/home/y2b/2025-26b-fai2-adsai-OleksiiKrasnoshtanov240247/DataLabs/data/raw/Y2B_24/masks/Alican/train_Alican_234778_im1_seed_mask.tif
/home/y2b/2025-26b-fai2-adsai-OleksiiKrasnoshtanov240247/DataLabs/data/raw/Y2B_24/images/train_Alican_234778_im2.png,/home/y2b/2025-26b-fai2-adsai-OleksiiKrasnoshtanov240247/DataLabs/data/raw/Y2B_24/masks/Alican/train_Alican_234778_im2_root_mask.tif,/home/y2b/2025-26b-fai2-adsai-OleksiiKrasnoshtanov240247/DataLabs/data/raw/Y2B_24/masks/Alican/train_Alican_234778_im2_shoot_mask.tif,/home/y2b/2025-26b-fai2-adsai-OleksiiKrasnoshtanov240247/DataLabs/data/raw/Y2B_24/masks/Alican/train_Alican_234778_im2_seed_mask.tif
/home/y2b/2025-26b-fai2-adsai-OleksiiKrasnoshtanov240247/DataLabs/data/raw/Y2B_24/images/train_Alican_234778_im3.png,/home/y2b/2025-26b-fai2-adsai-OleksiiKrasnoshtanov240247/DataLabs/data/raw/Y2B_24/masks/Alican/train_Alican_234778_im3_root_mask.tif,/home/y2b/2025-26b-fai2-adsai-OleksiiKrasnoshtanov240247/DataLabs/data/raw/Y2B_24/masks/Alican/train_Alican_234778_im3_shoot_mask.tif,/home/y2b/2025-26b-fai2-adsai-OleksiiKrasnoshtanov240247/DataLabs/data/raw/Y2B_24/masks/Alican/train_Alican_234778_im3_seed_mask.tif
/home/y2b/2025-26b-fai2-adsai-OleksiiKrasnoshtanov240247/DataLabs/data/raw/Y2B_24/images/train_Alican_234778_im4.png,/home/y2b/2025-26b-fai2-adsai-OleksiiKrasnoshtanov240247/DataLabs/data/raw/Y2B_24/masks/Alican/train_Alican_234778_im4_root_mask.tif,/home/y2b/2025-26b-fai2-adsai-OleksiiKrasnoshtanov240247/DataLabs/data/raw/Y2B_24/masks/Alican/train_Alican_234778_im4_shoot_mask.tif,/home/y2b/2025-26b-fai2-adsai-OleksiiKrasnoshtanov240247/DataLabs/data/raw/Y2B_24/masks/Alican/train_Alican_234778_im4_seed_mask.tif
/home/y2b/2025-26b-fai2-adsai-OleksiiKrasnoshtanov240247/DataLabs/data/raw/Y2B_24/images/train_Alican_234778_im5.png,/home/y2b/2025-26b-fai2-adsai-OleksiiKrasnoshtanov240247/DataLabs/data/raw/Y2B_24/masks/Alican/train_Alican_234778_im5_root_mask.tif,/home/y2b/2025-26b-fai2-adsai-OleksiiKrasnoshtanov240247/DataLabs/data/raw/Y2B_24/masks/Alican/train_Alican_234778_im5_shoot_mask.tif,/home/y2b/2025-26b-fai2-adsai-OleksiiKrasnoshtanov240247/DataLabs/data/raw/Y2B_24/masks/Alican/train_Alican_234778_im5_seed_mask.tif
/home/y2b/2025-26b-fai2-adsai-OleksiiKrasnoshtanov240247/DataLabs/data/raw/Y2B_24/images/train_Alican_235038_im1.png,/home/y2b/2025-26b-fai2-adsai-OleksiiKrasnoshtanov240247/DataLabs/data/raw/Y2B_24/masks/Alican/train_Alican_235038_im1_root_mask.tif,/home/y2b/2025-26b-fai2-adsai-OleksiiKrasnoshtanov240247/DataLabs/data/raw/Y2B_24/masks/Alican/train_Alican_235038_im1_shoot_mask.tif,/home/y2b/2025-26b-fai2-adsai-OleksiiKrasnoshtanov240247/DataLabs/data/raw/Y2B_24/masks/Alican/train_Alican_235038_im1_seed_mask.tif
/home/y2b/2025-26b-fai2-adsai-OleksiiKrasnoshtanov240247/DataLabs/data/raw/Y2B_24/images/train_Alican_235038_im2.png,/home/y2b/2025-26b-fai2-adsai-OleksiiKrasnoshtanov240247/DataLabs/data/raw/Y2B_24/masks/Alican/train_Alican_235038_im2_root_mask.tif,/home/y2b/2025-26b-fai2-adsai-OleksiiKrasnoshtanov240247/DataLabs/data/raw/Y2B_24/masks/Alican/train_Alican_235038_im2_shoot_mask.tif,/home/y2b/2025-26b-fai2-adsai-OleksiiKrasnoshtanov240247/DataLabs/data/raw/Y2B_24/masks/Alican/train_Alican_235038_im2_seed_mask.tif
/home/y2b/2025-26b-fai2-adsai-OleksiiKrasnoshtanov240247/DataLabs/data/raw/Y2B_24/images/train_Alican_235038_im3.png,/home/y2b/2025-26b-fai2-adsai-OleksiiKrasnoshtanov240247/DataLabs/data/raw/Y2B_24/masks/Alican/train_Alican_235038_im3_root_mask.tif,/home/y2b/2025-26b-fai2-adsai-OleksiiKrasnoshtanov240247/DataLabs/data/raw/Y2B_24/masks/Alican/train_Alican_235038_im3_shoot_mask.tif,/home/y2b/2025-26b-fai2-adsai-OleksiiKrasnoshtanov240247/DataLabs/data/raw/Y2B_24/masks/Alican/train_Alican_235038_im3_seed_mask.tif
/home/y2b/2025-26b-fai2-adsai-OleksiiKrasnoshtanov240247/DataLabs/data/raw/Y2B_24/images/train_Alican_235038_im4.png,/home/y2b/2025-26b-fai2-adsai-OleksiiKrasnoshtanov240247/DataLabs/data/raw/Y2B_24/masks/Alican/train_Alican_235038_im4_root_mask.tif,/home/y2b/2025-26b-fai2-adsai-OleksiiKrasnoshtanov240247/DataLabs/data/raw/Y2B_24/masks/Alican/train_Alican_235038_im4_shoot_mask.tif,/home/y2b/2025-26b-fai2-adsai-OleksiiKrasnoshtanov240247/DataLabs/data/raw/Y2B_24/masks/Alican/train_Alican_235038_im4_seed_mask.tif
/home/y2b/2025-26b-fai2-adsai-OleksiiKrasnoshtanov240247/DataLabs/data/raw/Y2B_24/images/train_Alican_235038_im5.png,/home/y2b/2025-26b-fai2-adsai-OleksiiKrasnoshtanov240247/DataLabs/data/raw/Y2B_24/masks/Alican/train_Alican_235038_im5_root_mask.tif,/home/y2b/2025-26b-fai2-adsai-OleksiiKrasnoshtanov240247/DataLabs/data/raw/Y2B_24/masks/Alican/train_Alican_235038_im5_shoot_mask.tif,/home/y2b/2025-26b-fai2-adsai-OleksiiKrasnoshtanov240247/DataLabs/data/raw/Y2B_24/masks/Alican/train_Alican_235038_im5_seed_mask.tif
/home/y2b/2025-26b-fai2-adsai-OleksiiKrasnoshtanov240247/DataLabs/data/raw/Y2B_24/images/train_Alican_235439_im1.png,/home/y2b/2025-26b-fai2-adsai-OleksiiKrasnoshtanov240247/DataLabs/data/raw/Y2B_24/masks/Alican/train_Alican_235439_im1_root_mask.tif,/home/y2b/2025-26b-fai2-adsai-OleksiiKrasnoshtanov240247/DataLabs/data/raw/Y2B_24/masks/Alican/train_Alican_235439_im1_shoot_mask.tif,/home/y2b/2025-26b-fai2-adsai-OleksiiKrasnoshtanov240247/DataLabs/data/raw/Y2B_24/masks/Alican/train_Alican_235439_im1_seed_mask.tif
/home/y2b/2025-26b-fai2-adsai-OleksiiKrasnoshtanov240247/DataLabs/data/raw/Y2B_24/images/train_Alican_235439_im2.png,/home/y2b/2025-26b-fai2-adsai-OleksiiKrasnoshtanov240247/DataLabs/data/raw/Y2B_24/masks/Alican/train_Alican_235439_im2_root_mask.tif,/home/y2b/2025-26b-fai2-adsai-OleksiiKrasnoshtanov240247/DataLabs/data/raw/Y2B_24/masks/Alican/train_Alican_235439_im2_shoot_mask.tif,/home/y2b/2025-26b-fai2-adsai-OleksiiKrasnoshtanov240247/DataLabs/data/raw/Y2B_24/masks/Alican/train_Alican_235439_im2_seed_mask.tif
/home/y2b/2025-26b-fai2-adsai-OleksiiKrasnoshtanov240247/DataLabs/data/raw/Y2B_24/images/train_Alican_235439_im3.png,/home/y2b/2025-26b-fai2-adsai-OleksiiKrasnoshtanov240247/DataLabs/data/raw/Y2B_24/masks/Alican/train_Alican_235439_im3_root_mask.tif,/home/y2b/2025-26b-fai2-adsai-OleksiiKrasnoshtanov240247/DataLabs/data/raw/Y2B_24/masks/Alican/train_Alican_235439_im3_shoot_mask.tif,/home/y2b/2025-26b-fai2-adsai-OleksiiKrasnoshtanov240247/DataLabs/data/raw/Y2B_24/masks/Alican/train_Alican_235439_im3_seed_mask.tif
/home/y2b/2025-26b-fai2-adsai-OleksiiKrasnoshtanov240247/DataLabs/data/raw/Y2B_24/images/train_Alican_235439_im4.png,/home/y2b/2025-26b-fai2-adsai-OleksiiKrasnoshtanov240247/DataLabs/data/raw/Y2B_24/masks/Alican/train_Alican_235439_im4_root_mask.tif,/home/y2b/2025-26b-fai2-adsai-OleksiiKrasnoshtanov240247/DataLabs/data/raw/Y2B_24/masks/Alican/train_Alican_235439_im4_shoot_mask.tif,/home/y2b/2025-26b-fai2-adsai-OleksiiKrasnoshtanov240247/DataLabs/data/raw/Y2B_24/masks/Alican/train_Alican_235439_im4_seed_mask.tif
/home/y2b/2025-26b-fai2-adsai-OleksiiKrasnoshtanov240247/DataLabs/data/raw/Y2B_24/images/train_Alican_235439_im5.png,/home/y2b/2025-26b-fai2-adsai-OleksiiKrasnoshtanov240247/DataLabs/data/raw/Y2B_24/masks/Alican/train_Alican_235439_im5_root_mask.tif,/home/y2b/2025-26b-fai2-adsai-OleksiiKrasnoshtanov240247/DataLabs/data/raw/Y2B_24/masks/Alican/train_Alican_235439_im5_shoot_mask.tif,/home/y2b/2025-26b-fai2-adsai-OleksiiKrasnoshtanov240247/DataLabs/data/raw/Y2B_24/masks/Alican/train_Alican_235439_im5_seed_mask.tif
/home/y2b/2025-26b-fai2-adsai-OleksiiKrasnoshtanov240247/DataLabs/data/raw/Y2B_24/images/train_Alican_235874_im1.png,/home/y2b/2025-26b-fai2-adsai-OleksiiKrasnoshtanov240247/DataLabs/data/raw/Y2B_24/masks/Alican/train_Alican_235874_im1_root_mask.tif,/home/y2b/2025-26b-fai2-adsai-OleksiiKrasnoshtanov240247/DataLabs/data/raw/Y2B_24/masks/Alican/train_Alican_235874_im1_shoot_mask.tif,/home/y2b/2025-26b-fai2-adsai-OleksiiKrasnoshtanov240247/DataLabs/data/raw/Y2B_24/masks/Alican/train_Alican_235874_im1_seed_mask.tif
/home/y2b/2025-26b-fai2-adsai-OleksiiKrasnoshtanov240247/DataLabs/data/raw/Y2B_24/images/train_Alican_235874_im2.png,/home/y2b/2025-26b-fai2-adsai-OleksiiKrasnoshtanov240247/DataLabs/data/raw/Y2B_24/masks/Alican/train_Alican_235874_im2_root_mask.tif,/home/y2b/2025-26b-fai2-adsai-OleksiiKrasnoshtanov240247/DataLabs/data/raw/Y2B_24/masks/Alican/train_Alican_235874_im2_shoot_mask.tif,/home/y2b/2025-26b-fai2-adsai-OleksiiKrasnoshtanov240247/DataLabs/data/raw/Y2B_24/masks/Alican/train_Alican_235874_im2_seed_mask.tif
/home/y2b/2025-26b-fai2-adsai-OleksiiKrasnoshtanov240247/DataLabs/data/raw/Y2B_24/images/train_Alican_235874_im3.png,/home/y2b/2025-26b-fai2-adsai-OleksiiKrasnoshtanov240247/DataLabs/data/raw/Y2B_24/masks/Alican/train_Alican_235874_im3_root_mask.tif,/home/y2b/2025-26b-fai2-adsai-OleksiiKrasnoshtanov240247/DataLabs/data/raw/Y2B_24/masks/Alican/train_Alican_235874_im3_shoot_mask.tif,/home/y2b/2025-26b-fai2-adsai-OleksiiKrasnoshtanov240247/DataLabs/data/raw/Y2B_24/masks/Alican/train_Alican_235874_im3_seed_mask.tif
/home/y2b/2025-26b-fai2-adsai-OleksiiKrasnoshtanov240247/DataLabs/data/raw/Y2B_24/images/train_Alican_235874_im4.png,/home/y2b/2025-26b-fai2-adsai-OleksiiKrasnoshtanov240247/DataLabs/data/raw/Y2B_24/masks/Alican/train_Alican_235874_im4_root_mask.tif,/home/y2b/2025-26b-fai2-adsai-OleksiiKrasnoshtanov240247/DataLabs/data/raw/Y2B_24/masks/Alican/train_Alican_235874_im4_shoot_mask.tif,/home/y2b/2025-26b-fai2-adsai-OleksiiKrasnoshtanov240247/DataLabs/data/raw/Y2B_24/masks/Alican/train_Alican_235874_im4_seed_mask.tif
/home/y2b/2025-26b-fai2-adsai-OleksiiKrasnoshtanov240247/DataLabs/data/raw/Y2B_24/images/train_Alican_235874_im5.png,/home/y2b/2025-26b-fai2-adsai-OleksiiKrasnoshtanov240247/DataLabs/data/raw/Y2B_24/masks/Alican/train_Alican_235874_im5_root_mask.tif,/home/y2b/2025-26b-fai2-adsai-OleksiiKrasnoshtanov240247/DataLabs/data/raw/Y2B_24/masks/Alican/train_Alican_235874_im5_shoot_mask.tif,/home/y2b/2025-26b-fai2-adsai-OleksiiKrasnoshtanov240247/DataLabs/data/raw/Y2B_24/masks/Alican/train_Alican_235874_im5_seed_mask.tif
/home/y2b/2025-26b-fai2-adsai-OleksiiKrasnoshtanov240247/DataLabs/data/raw/Y2B_24/images/train_Dean_221846_im1.png,/home/y2b/2025-26b-fai2-adsai-OleksiiKrasnoshtanov240247/DataLabs/data/raw/Y2B_24/masks/Dean/train_Dean_221846_im1_root_mask.tif,/home/y2b/2025-26b-fai2-adsai-OleksiiKrasnoshtanov240247/DataLabs/data/raw/Y2B_24/masks/Dean/train_Dean_221846_im1_shoot_mask.tif,/home/y2b/2025-26b-fai2-adsai-OleksiiKrasnoshtanov240247/DataLabs/data/raw/Y2B_24/masks/Dean/train_Dean_221846_im1_seed_mask.tif
/home/y2b/2025-26b-fai2-adsai-OleksiiKrasnoshtanov240247/DataLabs/data/raw/Y2B_24/images/train_Dean_221846_im2.png,/home/y2b/2025-26b-fai2-adsai-OleksiiKrasnoshtanov240247/DataLabs/data/raw/Y2B_24/masks/Dean/train_Dean_221846_im2_root_mask.tif,/home/y2b/2025-26b-fai2-adsai-OleksiiKrasnoshtanov240247/DataLabs/data/raw/Y2B_24/masks/Dean/train_Dean_221846_im2_shoot_mask.tif,/home/y2b/2025-26b-fai2-adsai-OleksiiKrasnoshtanov240247/DataLabs/data/raw/Y2B_24/masks/Dean/train_Dean_221846_im2_seed_mask.tif
/home/y2b/2025-26b-fai2-adsai-OleksiiKrasnoshtanov240247/DataLabs/data/raw/Y2B_24/images/train_Dean_221846_im3.png,/home/y2b/2025-26b-fai2-adsai-OleksiiKrasnoshtanov240247/DataLabs/data/raw/Y2B_24/masks/Dean/train_Dean_221846_im3_root_mask.tif,/home/y2b/2025-26b-fai2-adsai-OleksiiKrasnoshtanov240247/DataLabs/data/raw/Y2B_24/masks/Dean/train_Dean_221846_im3_shoot_mask.tif,/home/y2b/2025-26b-fai2-adsai-OleksiiKrasnoshtanov240247/DataLabs/data/raw/Y2B_24/masks/Dean/train_Dean_221846_im3_seed_mask.tif
/home/y2b/2025-26b-fai2-adsai-OleksiiKrasnoshtanov240247/DataLabs/data/raw/Y2B_24/images/train_Dean_221846_im4.png,/home/y2b/2025-26b-fai2-adsai-OleksiiKrasnoshtanov240247/DataLabs/data/raw/Y2B_24/masks/Dean/train_Dean_221846_im4_root_mask.tif,/home/y2b/2025-26b-fai2-adsai-OleksiiKrasnoshtanov240247/DataLabs/data/raw/Y2B_24/masks/Dean/train_Dean_221846_im4_shoot_mask.tif,/home/y2b/2025-26b-fai2-adsai-OleksiiKrasnoshtanov240247/DataLabs/data/raw/Y2B_24/masks/Dean/train_Dean_221846_im4_seed_mask.tif
/home/y2b/2025-26b-fai2-adsai-OleksiiKrasnoshtanov240247/DataLabs/data/raw/Y2B_24/images/train_Dean_221846_im5.png,/home/y2b/2025-26b-fai2-adsai-OleksiiKrasnoshtanov240247/DataLabs/data/raw/Y2B_24/masks/Dean/train_Dean_221846_im5_root_mask.tif,/home/y2b/2025-26b-fai2-adsai-OleksiiKrasnoshtanov240247/DataLabs/data/raw/Y2B_24/masks/Dean/train_Dean_221846_im5_shoot_mask.tif,/home/y2b/2025-26b-fai2-adsai-OleksiiKrasnoshtanov240247/DataLabs/data/raw/Y2B_24/masks/Dean/train_Dean_221846_im5_seed_mask.tif
/home/y2b/2025-26b-fai2-adsai-OleksiiKrasnoshtanov240247/DataLabs/data/raw/Y2B_24/images/train_Dean_226324_im1.png,/home/y2b/2025-26b-fai2-adsai-OleksiiKrasnoshtanov240247/DataLabs/data/raw/Y2B_24/masks/Dean/train_Dean_226324_im1_root_mask.tif,/home/y2b/2025-26b-fai2-adsai-OleksiiKrasnoshtanov240247/DataLabs/data/raw/Y2B_24/masks/Dean/train_Dean_226324_im1_shoot_mask.tif,/home/y2b/2025-26b-fai2-adsai-OleksiiKrasnoshtanov240247/DataLabs/data/raw/Y2B_24/masks/Dean/train_Dean_226324_im1_seed_mask.tif
/home/y2b/2025-26b-fai2-adsai-OleksiiKrasnoshtanov240247/DataLabs/data/raw/Y2B_24/images/train_Dean_226324_im2.png,/home/y2b/2025-26b-fai2-adsai-OleksiiKrasnoshtanov240247/DataLabs/data/raw/Y2B_24/masks/Dean/train_Dean_226324_im2_root_mask.tif,/home/y2b/2025-26b-fai2-adsai-OleksiiKrasnoshtanov240247/DataLabs/data/raw/Y2B_24/masks/Dean/train_Dean_226324_im2_shoot_mask.tif,/home/y2b/2025-26b-fai2-adsai-OleksiiKrasnoshtanov240247/DataLabs/data/raw/Y2B_24/masks/Dean/train_Dean_226324_im2_seed_mask.tif
/home/y2b/2025-26b-fai2-adsai-OleksiiKrasnoshtanov240247/DataLabs/data/raw/Y2B_24/images/train_Dean_226324_im3.png,FALSE,FALSE,FALSE
/home/y2b/2025-26b-fai2-adsai-OleksiiKrasnoshtanov240247/DataLabs/data/raw/Y2B_24/images/train_Dean_226324_im4.png,FALSE,FALSE,FALSE
/home/y2b/2025-26b-fai2-adsai-OleksiiKrasnoshtanov240247/DataLabs/data/raw/Y2B_24/images/train_Dean_226324_im5.png,FALSE,FALSE,FALSE
/home/y2b/2025-26b-fai2-adsai-OleksiiKrasnoshtanov240247/DataLabs/data/raw/Y2B_24/images/train_Dean_230499_im1.png,/home/y2b/2025-26b-fai2-adsai-OleksiiKrasnoshtanov240247/DataLabs/data/raw/Y2B_24/masks/Dean/train_Dean_230499_im1_root_mask.tif,/home/y2b/2025-26b-fai2-adsai-OleksiiKrasnoshtanov240247/DataLabs/data/raw/Y2B_24/masks/Dean/train_Dean_230499_im1_shoot_mask.tif,/home/y2b/2025-26b-fai2-adsai-OleksiiKrasnoshtanov240247/DataLabs/data/raw/Y2B_24/masks/Dean/train_Dean_230499_im1_seed_mask.tif
/home/y2b/2025-26b-fai2-adsai-OleksiiKrasnoshtanov240247/DataLabs/data/raw/Y2B_24/images/train_Dean_230499_im2.png,/home/y2b/2025-26b-fai2-adsai-OleksiiKrasnoshtanov240247/DataLabs/data/raw/Y2B_24/masks/Dean/train_Dean_230499_im2_root_mask.tif,/home/y2b/2025-26b-fai2-adsai-OleksiiKrasnoshtanov240247/DataLabs/data/raw/Y2B_24/masks/Dean/train_Dean_230499_im2_shoot_mask.tif,/home/y2b/2025-26b-fai2-adsai-OleksiiKrasnoshtanov240247/DataLabs/data/raw/Y2B_24/masks/Dean/train_Dean_230499_im2_seed_mask.tif
/home/y2b/2025-26b-fai2-adsai-OleksiiKrasnoshtanov240247/DataLabs/data/raw/Y2B_24/images/train_Dean_230499_im3.png,/home/y2b/2025-26b-fai2-adsai-OleksiiKrasnoshtanov240247/DataLabs/data/raw/Y2B_24/masks/Dean/train_Dean_230499_im3_root_mask.tif,/home/y2b/2025-26b-fai2-adsai-OleksiiKrasnoshtanov240247/DataLabs/data/raw/Y2B_24/masks/Dean/train_Dean_230499_im3_shoot_mask.tif,/home/y2b/2025-26b-fai2-adsai-OleksiiKrasnoshtanov240247/DataLabs/data/raw/Y2B_24/masks/Dean/train_Dean_230499_im3_seed_mask.tif
/home/y2b/2025-26b-fai2-adsai-OleksiiKrasnoshtanov240247/DataLabs/data/raw/Y2B_24/images/train_Dean_230499_im4.png,/home/y2b/2025-26b-fai2-adsai-OleksiiKrasnoshtanov240247/DataLabs/data/raw/Y2B_24/masks/Dean/train_Dean_230499_im4_root_mask.tif,/home/y2b/2025-26b-fai2-adsai-OleksiiKrasnoshtanov240247/DataLabs/data/raw/Y2B_24/masks/Dean/train_Dean_230499_im4_shoot_mask.tif,/home/y2b/2025-26b-fai2-adsai-OleksiiKrasnoshtanov240247/DataLabs/data/raw/Y2B_24/masks/Dean/train_Dean_230499_im4_seed_mask.tif
/home/y2b/2025-26b-fai2-adsai-OleksiiKrasnoshtanov240247/DataLabs/data/raw/Y2B_24/images/train_Dean_230499_im5.png,/home/y2b/2025-26b-fai2-adsai-OleksiiKrasnoshtanov240247/DataLabs/data/raw/Y2B_24/masks/Dean/train_Dean_230499_im5_root_mask.tif,/home/y2b/2025-26b-fai2-adsai-OleksiiKrasnoshtanov240247/DataLabs/data/raw/Y2B_24/masks/Dean/train_Dean_230499_im5_shoot_mask.tif,/home/y2b/2025-26b-fai2-adsai-OleksiiKrasnoshtanov240247/DataLabs/data/raw/Y2B_24/masks/Dean/train_Dean_230499_im5_seed_mask.tif
/home/y2b/2025-26b-fai2-adsai-OleksiiKrasnoshtanov240247/DataLabs/data/raw/Y2B_24/images/train_Dean_230632_im1.png,/home/y2b/2025-26b-fai2-adsai-OleksiiKrasnoshtanov240247/DataLabs/data/raw/Y2B_24/masks/Dean/train_Dean_230632_im1_root_mask.tif,/home/y2b/2025-26b-fai2-adsai-OleksiiKrasnoshtanov240247/DataLabs/data/raw/Y2B_24/masks/Dean/train_Dean_230632_im1_shoot_mask.tif,/home/y2b/2025-26b-fai2-adsai-OleksiiKrasnoshtanov240247/DataLabs/data/raw/Y2B_24/masks/Dean/train_Dean_230632_im1_seed_mask.tif
/home/y2b/2025-26b-fai2-adsai-OleksiiKrasnoshtanov240247/DataLabs/data/raw/Y2B_24/images/train_Dean_230632_im2.png,/home/y2b/2025-26b-fai2-adsai-OleksiiKrasnoshtanov240247/DataLabs/data/raw/Y2B_24/masks/Dean/train_Dean_230632_im2_root_mask.tif,/home/y2b/2025-26b-fai2-adsai-OleksiiKrasnoshtanov240247/DataLabs/data/raw/Y2B_24/masks/Dean/train_Dean_230632_im2_shoot_mask.tif,/home/y2b/2025-26b-fai2-adsai-OleksiiKrasnoshtanov240247/DataLabs/data/raw/Y2B_24/masks/Dean/train_Dean_230632_im2_seed_mask.tif
/home/y2b/2025-26b-fai2-adsai-OleksiiKrasnoshtanov240247/DataLabs/data/raw/Y2B_24/images/train_Dean_230632_im3.png,/home/y2b/2025-26b-fai2-adsai-OleksiiKrasnoshtanov240247/DataLabs/data/raw/Y2B_24/masks/Dean/train_Dean_230632_im3_root_mask.tif,/home/y2b/2025-26b-fai2-adsai-OleksiiKrasnoshtanov240247/DataLabs/data/raw/Y2B_24/masks/Dean/train_Dean_230632_im3_shoot_mask.tif,/home/y2b/2025-26b-fai2-adsai-OleksiiKrasnoshtanov240247/DataLabs/data/raw/Y2B_24/masks/Dean/train_Dean_230632_im3_seed_mask.tif
/home/y2b/2025-26b-fai2-adsai-OleksiiKrasnoshtanov240247/DataLabs/data/raw/Y2B_24/images/train_Dean_230632_im4.png,/home/y2b/2025-26b-fai2-adsai-OleksiiKrasnoshtanov240247/DataLabs/data/raw/Y2B_24/masks/Dean/train_Dean_230632_im4_root_mask.tif,/home/y2b/2025-26b-fai2-adsai-OleksiiKrasnoshtanov240247/DataLabs/data/raw/Y2B_24/masks/Dean/train_Dean_230632_im4_shoot_mask.tif,/home/y2b/2025-26b-fai2-adsai-OleksiiKrasnoshtanov240247/DataLabs/data/raw/Y2B_24/masks/Dean/train_Dean_230632_im4_seed_mask.tif
/home/y2b/2025-26b-fai2-adsai-OleksiiKrasnoshtanov240247/DataLabs/data/raw/Y2B_24/images/train_Dean_230632_im5.png,/home/y2b/2025-26b-fai2-adsai-OleksiiKrasnoshtanov240247/DataLabs/data/raw/Y2B_24/masks/Dean/train_Dean_230632_im5_root_mask.tif,/home/y2b/2025-26b-fai2-adsai-OleksiiKrasnoshtanov240247/DataLabs/data/raw/Y2B_24/masks/Dean/train_Dean_230632_im5_shoot_mask.tif,/home/y2b/2025-26b-fai2-adsai-OleksiiKrasnoshtanov240247/DataLabs/data/raw/Y2B_24/masks/Dean/train_Dean_230632_im5_seed_mask.tif
/home/y2b/2025-26b-fai2-adsai-OleksiiKrasnoshtanov240247/DataLabs/data/raw/Y2B_24/images/train_Dean_231541_im1.png,FALSE,FALSE,FALSE
/home/y2b/2025-26b-fai2-adsai-OleksiiKrasnoshtanov240247/DataLabs/data/raw/Y2B_24/images/train_Dean_231541_im2.png,FALSE,FALSE,FALSE
/home/y2b/2025-26b-fai2-adsai-OleksiiKrasnoshtanov240247/DataLabs/data/raw/Y2B_24/images/train_Dean_231541_im3.png,FALSE,FALSE,FALSE
/home/y2b/2025-26b-fai2-adsai-OleksiiKrasnoshtanov240247/DataLabs/data/raw/Y2B_24/images/train_Dean_231541_im4.png,FALSE,FALSE,FALSE
/home/y2b/2025-26b-fai2-adsai-OleksiiKrasnoshtanov240247/DataLabs/data/raw/Y2B_24/images/train_Dean_231541_im5.png,FALSE,FALSE,FALSE
/home/y2b/2025-26b-fai2-adsai-OleksiiKrasnoshtanov240247/DataLabs/data/raw/Y2B_24/images/train_Dean_231667_im1.png,/home/y2b/2025-26b-fai2-adsai-OleksiiKrasnoshtanov240247/DataLabs/data/raw/Y2B_24/masks/Dean/train_Dean_231667_im1_root_mask.tif,/home/y2b/2025-26b-fai2-adsai-OleksiiKrasnoshtanov240247/DataLabs/data/raw/Y2B_24/masks/Dean/train_Dean_231667_im1_shoot_mask.tif,/home/y2b/2025-26b-fai2-adsai-OleksiiKrasnoshtanov240247/DataLabs/data/raw/Y2B_24/masks/Dean/train_Dean_231667_im1_seed_mask.tif
/home/y2b/2025-26b-fai2-adsai-OleksiiKrasnoshtanov240247/DataLabs/data/raw/Y2B_24/images/train_Dean_231667_im2.png,/home/y2b/2025-26b-fai2-adsai-OleksiiKrasnoshtanov240247/DataLabs/data/raw/Y2B_24/masks/Dean/train_Dean_231667_im2_root_mask.tif,/home/y2b/2025-26b-fai2-adsai-OleksiiKrasnoshtanov240247/DataLabs/data/raw/Y2B_24/masks/Dean/train_Dean_231667_im2_shoot_mask.tif,/home/y2b/2025-26b-fai2-adsai-OleksiiKrasnoshtanov240247/DataLabs/data/raw/Y2B_24/masks/Dean/train_Dean_231667_im2_seed_mask.tif
/home/y2b/2025-26b-fai2-adsai-OleksiiKrasnoshtanov240247/DataLabs/data/raw/Y2B_24/images/train_Dean_231667_im3.png,/home/y2b/2025-26b-fai2-adsai-OleksiiKrasnoshtanov240247/DataLabs/data/raw/Y2B_24/masks/Dean/train_Dean_231667_im3_root_mask.tif,/home/y2b/2025-26b-fai2-adsai-OleksiiKrasnoshtanov240247/DataLabs/data/raw/Y2B_24/masks/Dean/train_Dean_231667_im3_shoot_mask.tif,/home/y2b/2025-26b-fai2-adsai-OleksiiKrasnoshtanov240247/DataLabs/data/raw/Y2B_24/masks/Dean/train_Dean_231667_im3_seed_mask.tif
/home/y2b/2025-26b-fai2-adsai-OleksiiKrasnoshtanov240247/DataLabs/data/raw/Y2B_24/images/train_Dean_231667_im4.png,/home/y2b/2025-26b-fai2-adsai-OleksiiKrasnoshtanov240247/DataLabs/data/raw/Y2B_24/masks/Dean/train_Dean_231667_im4_root_mask.tif,/home/y2b/2025-26b-fai2-adsai-OleksiiKrasnoshtanov240247/DataLabs/data/raw/Y2B_24/masks/Dean/train_Dean_231667_im4_shoot_mask.tif,/home/y2b/2025-26b-fai2-adsai-OleksiiKrasnoshtanov240247/DataLabs/data/raw/Y2B_24/masks/Dean/train_Dean_231667_im4_seed_mask.tif
/home/y2b/2025-26b-fai2-adsai-OleksiiKrasnoshtanov240247/DataLabs/data/raw/Y2B_24/images/train_Dean_231667_im5.png,/home/y2b/2025-26b-fai2-adsai-OleksiiKrasnoshtanov240247/DataLabs/data/raw/Y2B_24/masks/Dean/train_Dean_231667_im5_root_mask.tif,/home/y2b/2025-26b-fai2-adsai-OleksiiKrasnoshtanov240247/DataLabs/data/raw/Y2B_24/masks/Dean/train_Dean_231667_im5_shoot_mask.tif,/home/y2b/2025-26b-fai2-adsai-OleksiiKrasnoshtanov240247/DataLabs/data/raw/Y2B_24/masks/Dean/train_Dean_231667_im5_seed_mask.tif
/home/y2b/2025-26b-fai2-adsai-OleksiiKrasnoshtanov240247/DataLabs/data/raw/Y2B_24/images/train_Dean_231754_im1.png,/home/y2b/2025-26b-fai2-adsai-OleksiiKrasnoshtanov240247/DataLabs/data/raw/Y2B_24/masks/Dean/train_Dean_231754_im1_root_mask.tif,/home/y2b/2025-26b-fai2-adsai-OleksiiKrasnoshtanov240247/DataLabs/data/raw/Y2B_24/masks/Dean/train_Dean_231754_im1_shoot_mask.tif,/home/y2b/2025-26b-fai2-adsai-OleksiiKrasnoshtanov240247/DataLabs/data/raw/Y2B_24/masks/Dean/train_Dean_231754_im1_seed_mask.tif
/home/y2b/2025-26b-fai2-adsai-OleksiiKrasnoshtanov240247/DataLabs/data/raw/Y2B_24/images/train_Dean_231754_im2.png,/home/y2b/2025-26b-fai2-adsai-OleksiiKrasnoshtanov240247/DataLabs/data/raw/Y2B_24/masks/Dean/train_Dean_231754_im2_root_mask.tif,/home/y2b/2025-26b-fai2-adsai-OleksiiKrasnoshtanov240247/DataLabs/data/raw/Y2B_24/masks/Dean/train_Dean_231754_im2_shoot_mask.tif,/home/y2b/2025-26b-fai2-adsai-OleksiiKrasnoshtanov240247/DataLabs/data/raw/Y2B_24/masks/Dean/train_Dean_231754_im2_seed_mask.tif
/home/y2b/2025-26b-fai2-adsai-OleksiiKrasnoshtanov240247/DataLabs/data/raw/Y2B_24/images/train_Dean_231754_im3.png,/home/y2b/2025-26b-fai2-adsai-OleksiiKrasnoshtanov240247/DataLabs/data/raw/Y2B_24/masks/Dean/train_Dean_231754_im3_root_mask.tif,/home/y2b/2025-26b-fai2-adsai-OleksiiKrasnoshtanov240247/DataLabs/data/raw/Y2B_24/masks/Dean/train_Dean_231754_im3_shoot_mask.tif,/home/y2b/2025-26b-fai2-adsai-OleksiiKrasnoshtanov240247/DataLabs/data/raw/Y2B_24/masks/Dean/train_Dean_231754_im3_seed_mask.tif
/home/y2b/2025-26b-fai2-adsai-OleksiiKrasnoshtanov240247/DataLabs/data/raw/Y2B_24/images/train_Dean_231754_im4.png,/home/y2b/2025-26b-fai2-adsai-OleksiiKrasnoshtanov240247/DataLabs/data/raw/Y2B_24/masks/Dean/train_Dean_231754_im4_root_mask.tif,/home/y2b/2025-26b-fai2-adsai-OleksiiKrasnoshtanov240247/DataLabs/data/raw/Y2B_24/masks/Dean/train_Dean_231754_im4_shoot_mask.tif,/home/y2b/2025-26b-fai2-adsai-OleksiiKrasnoshtanov240247/DataLabs/data/raw/Y2B_24/masks/Dean/train_Dean_231754_im4_seed_mask.tif
/home/y2b/2025-26b-fai2-adsai-OleksiiKrasnoshtanov240247/DataLabs/data/raw/Y2B_24/images/train_Dean_231754_im5.png,/home/y2b/2025-26b-fai2-adsai-OleksiiKrasnoshtanov240247/DataLabs/data/raw/Y2B_24/masks/Dean/train_Dean_231754_im5_root_mask.tif,/home/y2b/2025-26b-fai2-adsai-OleksiiKrasnoshtanov240247/DataLabs/data/raw/Y2B_24/masks/Dean/train_Dean_231754_im5_shoot_mask.tif,/home/y2b/2025-26b-fai2-adsai-OleksiiKrasnoshtanov240247/DataLabs/data/raw/Y2B_24/masks/Dean/train_Dean_231754_im5_seed_mask.tif
/home/y2b/2025-26b-fai2-adsai-OleksiiKrasnoshtanov240247/DataLabs/data/raw/Y2B_24/images/train_Dean_232027_im1.png,/home/y2b/2025-26b-fai2-adsai-OleksiiKrasnoshtanov240247/DataLabs/data/raw/Y2B_24/masks/Dean/train_Dean_232027_im1_root_mask.tif,/home/y2b/2025-26b-fai2-adsai-OleksiiKrasnoshtanov240247/DataLabs/data/raw/Y2B_24/masks/Dean/train_Dean_232027_im1_shoot_mask.tif,/home/y2b/2025-26b-fai2-adsai-OleksiiKrasnoshtanov240247/DataLabs/data/raw/Y2B_24/masks/Dean/train_Dean_232027_im1_seed_mask.tif
/home/y2b/2025-26b-fai2-adsai-OleksiiKrasnoshtanov240247/DataLabs/data/raw/Y2B_24/images/train_Dean_232027_im2.png,/home/y2b/2025-26b-fai2-adsai-OleksiiKrasnoshtanov240247/DataLabs/data/raw/Y2B_24/masks/Dean/train_Dean_232027_im2_root_mask.tif,/home/y2b/2025-26b-fai2-adsai-OleksiiKrasnoshtanov240247/DataLabs/data/raw/Y2B_24/masks/Dean/train_Dean_232027_im2_shoot_mask.tif,/home/y2b/2025-26b-fai2-adsai-OleksiiKrasnoshtanov240247/DataLabs/data/raw/Y2B_24/masks/Dean/train_Dean_232027_im2_seed_mask.tif
/home/y2b/2025-26b-fai2-adsai-OleksiiKrasnoshtanov240247/DataLabs/data/raw/Y2B_24/images/train_Dean_232027_im3.png,/home/y2b/2025-26b-fai2-adsai-OleksiiKrasnoshtanov240247/DataLabs/data/raw/Y2B_24/masks/Dean/train_Dean_232027_im3_root_mask.tif,/home/y2b/2025-26b-fai2-adsai-OleksiiKrasnoshtanov240247/DataLabs/data/raw/Y2B_24/masks/Dean/train_Dean_232027_im3_shoot_mask.tif,/home/y2b/2025-26b-fai2-adsai-OleksiiKrasnoshtanov240247/DataLabs/data/raw/Y2B_24/masks/Dean/train_Dean_232027_im3_seed_mask.tif
/home/y2b/2025-26b-fai2-adsai-OleksiiKrasnoshtanov240247/DataLabs/data/raw/Y2B_24/images/train_Dean_232027_im4.png,/home/y2b/2025-26b-fai2-adsai-OleksiiKrasnoshtanov240247/DataLabs/data/raw/Y2B_24/masks/Dean/train_Dean_232027_im4_root_mask.tif,/home/y2b/2025-26b-fai2-adsai-OleksiiKrasnoshtanov240247/DataLabs/data/raw/Y2B_24/masks/Dean/train_Dean_232027_im4_shoot_mask.tif,/home/y2b/2025-26b-fai2-adsai-OleksiiKrasnoshtanov240247/DataLabs/data/raw/Y2B_24/masks/Dean/train_Dean_232027_im4_seed_mask.tif
/home/y2b/2025-26b-fai2-adsai-OleksiiKrasnoshtanov240247/DataLabs/data/raw/Y2B_24/images/train_Dean_232027_im5.png,/home/y2b/2025-26b-fai2-adsai-OleksiiKrasnoshtanov240247/DataLabs/data/raw/Y2B_24/masks/Dean/train_Dean_232027_im5_root_mask.tif,/home/y2b/2025-26b-fai2-adsai-OleksiiKrasnoshtanov240247/DataLabs/data/raw/Y2B_24/masks/Dean/train_Dean_232027_im5_shoot_mask.tif,/home/y2b/2025-26b-fai2-adsai-OleksiiKrasnoshtanov240247/DataLabs/data/raw/Y2B_24/masks/Dean/train_Dean_232027_im5_seed_mask.tif
/home/y2b/2025-26b-fai2-adsai-OleksiiKrasnoshtanov240247/DataLabs/data/raw/Y2B_24/images/train_Dean_232560_im1.png,/home/y2b/2025-26b-fai2-adsai-OleksiiKrasnoshtanov240247/DataLabs/data/raw/Y2B_24/masks/Dean/train_Dean_232560_im1_root_mask.tif,/home/y2b/2025-26b-fai2-adsai-OleksiiKrasnoshtanov240247/DataLabs/data/raw/Y2B_24/masks/Dean/train_Dean_232560_im1_shoot_mask.tif,/home/y2b/2025-26b-fai2-adsai-OleksiiKrasnoshtanov240247/DataLabs/data/raw/Y2B_24/masks/Dean/train_Dean_232560_im1_seed_mask.tif
/home/y2b/2025-26b-fai2-adsai-OleksiiKrasnoshtanov240247/DataLabs/data/raw/Y2B_24/images/train_Dean_232560_im2.png,/home/y2b/2025-26b-fai2-adsai-OleksiiKrasnoshtanov240247/DataLabs/data/raw/Y2B_24/masks/Dean/train_Dean_232560_im2_root_mask.tif,/home/y2b/2025-26b-fai2-adsai-OleksiiKrasnoshtanov240247/DataLabs/data/raw/Y2B_24/masks/Dean/train_Dean_232560_im2_shoot_mask.tif,/home/y2b/2025-26b-fai2-adsai-OleksiiKrasnoshtanov240247/DataLabs/data/raw/Y2B_24/masks/Dean/train_Dean_232560_im2_seed_mask.tif
/home/y2b/2025-26b-fai2-adsai-OleksiiKrasnoshtanov240247/DataLabs/data/raw/Y2B_24/images/train_Dean_232560_im3.png,/home/y2b/2025-26b-fai2-adsai-OleksiiKrasnoshtanov240247/DataLabs/data/raw/Y2B_24/masks/Dean/train_Dean_232560_im3_root_mask.tif,/home/y2b/2025-26b-fai2-adsai-OleksiiKrasnoshtanov240247/DataLabs/data/raw/Y2B_24/masks/Dean/train_Dean_232560_im3_shoot_mask.tif,/home/y2b/2025-26b-fai2-adsai-OleksiiKrasnoshtanov240247/DataLabs/data/raw/Y2B_24/masks/Dean/train_Dean_232560_im3_seed_mask.tif
/home/y2b/2025-26b-fai2-adsai-OleksiiKrasnoshtanov240247/DataLabs/data/raw/Y2B_24/images/train_Dean_232560_im4.png,/home/y2b/2025-26b-fai2-adsai-OleksiiKrasnoshtanov240247/DataLabs/data/raw/Y2B_24/masks/Dean/train_Dean_232560_im4_root_mask.tif,/home/y2b/2025-26b-fai2-adsai-OleksiiKrasnoshtanov240247/DataLabs/data/raw/Y2B_24/masks/Dean/train_Dean_232560_im4_shoot_mask.tif,/home/y2b/2025-26b-fai2-adsai-OleksiiKrasnoshtanov240247/DataLabs/data/raw/Y2B_24/masks/Dean/train_Dean_232560_im4_seed_mask.tif
/home/y2b/2025-26b-fai2-adsai-OleksiiKrasnoshtanov240247/DataLabs/data/raw/Y2B_24/images/train_Dean_232560_im5.png,/home/y2b/2025-26b-fai2-adsai-OleksiiKrasnoshtanov240247/DataLabs/data/raw/Y2B_24/masks/Dean/train_Dean_232560_im5_root_mask.tif,/home/y2b/2025-26b-fai2-adsai-OleksiiKrasnoshtanov240247/DataLabs/data/raw/Y2B_24/masks/Dean/train_Dean_232560_im5_shoot_mask.tif,/home/y2b/2025-26b-fai2-adsai-OleksiiKrasnoshtanov240247/DataLabs/data/raw/Y2B_24/masks/Dean/train_Dean_232560_im5_seed_mask.tif
/home/y2b/2025-26b-fai2-adsai-OleksiiKrasnoshtanov240247/DataLabs/data/raw/Y2B_24/images/train_Dean_232906_im1.png,/home/y2b/2025-26b-fai2-adsai-OleksiiKrasnoshtanov240247/DataLabs/data/raw/Y2B_24/masks/Dean/train_Dean_232906_im1_root_mask.tif,/home/y2b/2025-26b-fai2-adsai-OleksiiKrasnoshtanov240247/DataLabs/data/raw/Y2B_24/masks/Dean/train_Dean_232906_im1_shoot_mask.tif,/home/y2b/2025-26b-fai2-adsai-OleksiiKrasnoshtanov240247/DataLabs/data/raw/Y2B_24/masks/Dean/train_Dean_232906_im1_seed_mask.tif
/home/y2b/2025-26b-fai2-adsai-OleksiiKrasnoshtanov240247/DataLabs/data/raw/Y2B_24/images/train_Dean_232906_im2.png,/home/y2b/2025-26b-fai2-adsai-OleksiiKrasnoshtanov240247/DataLabs/data/raw/Y2B_24/masks/Dean/train_Dean_232906_im2_root_mask.tif,/home/y2b/2025-26b-fai2-adsai-OleksiiKrasnoshtanov240247/DataLabs/data/raw/Y2B_24/masks/Dean/train_Dean_232906_im2_shoot_mask.tif,/home/y2b/2025-26b-fai2-adsai-OleksiiKrasnoshtanov240247/DataLabs/data/raw/Y2B_24/masks/Dean/train_Dean_232906_im2_seed_mask.tif
/home/y2b/2025-26b-fai2-adsai-OleksiiKrasnoshtanov240247/DataLabs/data/raw/Y2B_24/images/train_Dean_232906_im3.png,FALSE,FALSE,FALSE
/home/y2b/2025-26b-fai2-adsai-OleksiiKrasnoshtanov240247/DataLabs/data/raw/Y2B_24/images/train_Dean_232906_im4.png,/home/y2b/2025-26b-fai2-adsai-OleksiiKrasnoshtanov240247/DataLabs/data/raw/Y2B_24/masks/Dean/train_Dean_232906_im4_root_mask.tif,/home/y2b/2025-26b-fai2-adsai-OleksiiKrasnoshtanov240247/DataLabs/data/raw/Y2B_24/masks/Dean/train_Dean_232906_im4_shoot_mask.tif,/home/y2b/2025-26b-fai2-adsai-OleksiiKrasnoshtanov240247/DataLabs/data/raw/Y2B_24/masks/Dean/train_Dean_232906_im4_seed_mask.tif
/home/y2b/2025-26b-fai2-adsai-OleksiiKrasnoshtanov240247/DataLabs/data/raw/Y2B_24/images/train_Dean_232906_im5.png,FALSE,FALSE,FALSE
/home/y2b/2025-26b-fai2-adsai-OleksiiKrasnoshtanov240247/DataLabs/data/raw/Y2B_24/images/train_Dean_233582_im1.png,/home/y2b/2025-26b-fai2-adsai-OleksiiKrasnoshtanov240247/DataLabs/data/raw/Y2B_24/masks/Dean/train_Dean_233582_im1_root_mask.tif,/home/y2b/2025-26b-fai2-adsai-OleksiiKrasnoshtanov240247/DataLabs/data/raw/Y2B_24/masks/Dean/train_Dean_233582_im1_shoot_mask.tif,/home/y2b/2025-26b-fai2-adsai-OleksiiKrasnoshtanov240247/DataLabs/data/raw/Y2B_24/masks/Dean/train_Dean_233582_im1_seed_mask.tif
/home/y2b/2025-26b-fai2-adsai-OleksiiKrasnoshtanov240247/DataLabs/data/raw/Y2B_24/images/train_Dean_233582_im2.png,/home/y2b/2025-26b-fai2-adsai-OleksiiKrasnoshtanov240247/DataLabs/data/raw/Y2B_24/masks/Dean/train_Dean_233582_im2_root_mask.tif,/home/y2b/2025-26b-fai2-adsai-OleksiiKrasnoshtanov240247/DataLabs/data/raw/Y2B_24/masks/Dean/train_Dean_233582_im2_shoot_mask.tif,/home/y2b/2025-26b-fai2-adsai-OleksiiKrasnoshtanov240247/DataLabs/data/raw/Y2B_24/masks/Dean/train_Dean_233582_im2_seed_mask.tif
/home/y2b/2025-26b-fai2-adsai-OleksiiKrasnoshtanov240247/DataLabs/data/raw/Y2B_24/images/train_Dean_233582_im3.png,/home/y2b/2025-26b-fai2-adsai-OleksiiKrasnoshtanov240247/DataLabs/data/raw/Y2B_24/masks/Dean/train_Dean_233582_im3_root_mask.tif,/home/y2b/2025-26b-fai2-adsai-OleksiiKrasnoshtanov240247/DataLabs/data/raw/Y2B_24/masks/Dean/train_Dean_233582_im3_shoot_mask.tif,/home/y2b/2025-26b-fai2-adsai-OleksiiKrasnoshtanov240247/DataLabs/data/raw/Y2B_24/masks/Dean/train_Dean_233582_im3_seed_mask.tif
/home/y2b/2025-26b-fai2-adsai-OleksiiKrasnoshtanov240247/DataLabs/data/raw/Y2B_24/images/train_Dean_233582_im4.png,/home/y2b/2025-26b-fai2-adsai-OleksiiKrasnoshtanov240247/DataLabs/data/raw/Y2B_24/masks/Dean/train_Dean_233582_im4_root_mask.tif,/home/y2b/2025-26b-fai2-adsai-OleksiiKrasnoshtanov240247/DataLabs/data/raw/Y2B_24/masks/Dean/train_Dean_233582_im4_shoot_mask.tif,/home/y2b/2025-26b-fai2-adsai-OleksiiKrasnoshtanov240247/DataLabs/data/raw/Y2B_24/masks/Dean/train_Dean_233582_im4_seed_mask.tif
/home/y2b/2025-26b-fai2-adsai-OleksiiKrasnoshtanov240247/DataLabs/data/raw/Y2B_24/images/train_Dean_233582_im5.png,/home/y2b/2025-26b-fai2-adsai-OleksiiKrasnoshtanov240247/DataLabs/data/raw/Y2B_24/masks/Dean/train_Dean_233582_im5_root_mask.tif,/home/y2b/2025-26b-fai2-adsai-OleksiiKrasnoshtanov240247/DataLabs/data/raw/Y2B_24/masks/Dean/train_Dean_233582_im5_shoot_mask.tif,/home/y2b/2025-26b-fai2-adsai-OleksiiKrasnoshtanov240247/DataLabs/data/raw/Y2B_24/masks/Dean/train_Dean_233582_im5_seed_mask.tif
/home/y2b/2025-26b-fai2-adsai-OleksiiKrasnoshtanov240247/DataLabs/data/raw/Y2B_24/images/train_Dean_235030_im1.png,/home/y2b/2025-26b-fai2-adsai-OleksiiKrasnoshtanov240247/DataLabs/data/raw/Y2B_24/masks/Dean/train_Dean_235030_im1_root_mask.tif,/home/y2b/2025-26b-fai2-adsai-OleksiiKrasnoshtanov240247/DataLabs/data/raw/Y2B_24/masks/Dean/train_Dean_235030_im1_shoot_mask.tif,/home/y2b/2025-26b-fai2-adsai-OleksiiKrasnoshtanov240247/DataLabs/data/raw/Y2B_24/masks/Dean/train_Dean_235030_im1_seed_mask.tif
/home/y2b/2025-26b-fai2-adsai-OleksiiKrasnoshtanov240247/DataLabs/data/raw/Y2B_24/images/train_Dean_235030_im2.png,/home/y2b/2025-26b-fai2-adsai-OleksiiKrasnoshtanov240247/DataLabs/data/raw/Y2B_24/masks/Dean/train_Dean_235030_im2_root_mask.tif,/home/y2b/2025-26b-fai2-adsai-OleksiiKrasnoshtanov240247/DataLabs/data/raw/Y2B_24/masks/Dean/train_Dean_235030_im2_shoot_mask.tif,/home/y2b/2025-26b-fai2-adsai-OleksiiKrasnoshtanov240247/DataLabs/data/raw/Y2B_24/masks/Dean/train_Dean_235030_im2_seed_mask.tif
/home/y2b/2025-26b-fai2-adsai-OleksiiKrasnoshtanov240247/DataLabs/data/raw/Y2B_24/images/train_Dean_235030_im3.png,/home/y2b/2025-26b-fai2-adsai-OleksiiKrasnoshtanov240247/DataLabs/data/raw/Y2B_24/masks/Dean/train_Dean_235030_im3_root_mask.tif,/home/y2b/2025-26b-fai2-adsai-OleksiiKrasnoshtanov240247/DataLabs/data/raw/Y2B_24/masks/Dean/train_Dean_235030_im3_shoot_mask.tif,/home/y2b/2025-26b-fai2-adsai-OleksiiKrasnoshtanov240247/DataLabs/data/raw/Y2B_24/masks/Dean/train_Dean_235030_im3_seed_mask.tif
/home/y2b/2025-26b-fai2-adsai-OleksiiKrasnoshtanov240247/DataLabs/data/raw/Y2B_24/images/train_Dean_235030_im4.png,/home/y2b/2025-26b-fai2-adsai-OleksiiKrasnoshtanov240247/DataLabs/data/raw/Y2B_24/masks/Dean/train_Dean_235030_im4_root_mask.tif,/home/y2b/2025-26b-fai2-adsai-OleksiiKrasnoshtanov240247/DataLabs/data/raw/Y2B_24/masks/Dean/train_Dean_235030_im4_shoot_mask.tif,/home/y2b/2025-26b-fai2-adsai-OleksiiKrasnoshtanov240247/DataLabs/data/raw/Y2B_24/masks/Dean/train_Dean_235030_im4_seed_mask.tif
/home/y2b/2025-26b-fai2-adsai-OleksiiKrasnoshtanov240247/DataLabs/data/raw/Y2B_24/images/train_Dean_235030_im5.png,/home/y2b/2025-26b-fai2-adsai-OleksiiKrasnoshtanov240247/DataLabs/data/raw/Y2B_24/masks/Dean/train_Dean_235030_im5_root_mask.tif,/home/y2b/2025-26b-fai2-adsai-OleksiiKrasnoshtanov240247/DataLabs/data/raw/Y2B_24/masks/Dean/train_Dean_235030_im5_shoot_mask.tif,/home/y2b/2025-26b-fai2-adsai-OleksiiKrasnoshtanov240247/DataLabs/data/raw/Y2B_24/masks/Dean/train_Dean_235030_im5_seed_mask.tif
/home/y2b/2025-26b-fai2-adsai-OleksiiKrasnoshtanov240247/DataLabs/data/raw/Y2B_24/images/train_Dean_235738_im1.png,FALSE,FALSE,FALSE
/home/y2b/2025-26b-fai2-adsai-OleksiiKrasnoshtanov240247/DataLabs/data/raw/Y2B_24/images/train_Dean_235738_im2.png,FALSE,FALSE,FALSE
/home/y2b/2025-26b-fai2-adsai-OleksiiKrasnoshtanov240247/DataLabs/data/raw/Y2B_24/images/train_Dean_235738_im3.png,FALSE,FALSE,FALSE
/home/y2b/2025-26b-fai2-adsai-OleksiiKrasnoshtanov240247/DataLabs/data/raw/Y2B_24/images/train_Dean_235738_im4.png,FALSE,FALSE,FALSE
/home/y2b/2025-26b-fai2-adsai-OleksiiKrasnoshtanov240247/DataLabs/data/raw/Y2B_24/images/train_Dean_235738_im5.png,FALSE,FALSE,FALSE
/home/y2b/2025-26b-fai2-adsai-OleksiiKrasnoshtanov240247/DataLabs/data/raw/Y2B_24/images/train_Elavendan_230533_im1.png,/home/y2b/2025-26b-fai2-adsai-OleksiiKrasnoshtanov240247/DataLabs/data/raw/Y2B_24/masks/Elavendan/train_Elavendan_230533_im1_root_mask.tif,/home/y2b/2025-26b-fai2-adsai-OleksiiKrasnoshtanov240247/DataLabs/data/raw/Y2B_24/masks/Elavendan/train_Elavendan_230533_im1_shoot_mask.tif,/home/y2b/2025-26b-fai2-adsai-OleksiiKrasnoshtanov240247/DataLabs/data/raw/Y2B_24/masks/Elavendan/train_Elavendan_230533_im1_seed_mask.tif
/home/y2b/2025-26b-fai2-adsai-OleksiiKrasnoshtanov240247/DataLabs/data/raw/Y2B_24/images/train_Elavendan_230533_im2.png,/home/y2b/2025-26b-fai2-adsai-OleksiiKrasnoshtanov240247/DataLabs/data/raw/Y2B_24/masks/Elavendan/train_Elavendan_230533_im2_root_mask.tif,/home/y2b/2025-26b-fai2-adsai-OleksiiKrasnoshtanov240247/DataLabs/data/raw/Y2B_24/masks/Elavendan/train_Elavendan_230533_im2_shoot_mask.tif,/home/y2b/2025-26b-fai2-adsai-OleksiiKrasnoshtanov240247/DataLabs/data/raw/Y2B_24/masks/Elavendan/train_Elavendan_230533_im2_seed_mask.tif
/home/y2b/2025-26b-fai2-adsai-OleksiiKrasnoshtanov240247/DataLabs/data/raw/Y2B_24/images/train_Elavendan_230533_im3.png,/home/y2b/2025-26b-fai2-adsai-OleksiiKrasnoshtanov240247/DataLabs/data/raw/Y2B_24/masks/Elavendan/train_Elavendan_230533_im3_root_mask.tif,/home/y2b/2025-26b-fai2-adsai-OleksiiKrasnoshtanov240247/DataLabs/data/raw/Y2B_24/masks/Elavendan/train_Elavendan_230533_im3_shoot_mask.tif,/home/y2b/2025-26b-fai2-adsai-OleksiiKrasnoshtanov240247/DataLabs/data/raw/Y2B_24/masks/Elavendan/train_Elavendan_230533_im3_seed_mask.tif
/home/y2b/2025-26b-fai2-adsai-OleksiiKrasnoshtanov240247/DataLabs/data/raw/Y2B_24/images/train_Elavendan_230533_im4.png,/home/y2b/2025-26b-fai2-adsai-OleksiiKrasnoshtanov240247/DataLabs/data/raw/Y2B_24/masks/Elavendan/train_Elavendan_230533_im4_root_mask.tif,/home/y2b/2025-26b-fai2-adsai-OleksiiKrasnoshtanov240247/DataLabs/data/raw/Y2B_24/masks/Elavendan/train_Elavendan_230533_im4_shoot_mask.tif,/home/y2b/2025-26b-fai2-adsai-OleksiiKrasnoshtanov240247/DataLabs/data/raw/Y2B_24/masks/Elavendan/train_Elavendan_230533_im4_seed_mask.tif
/home/y2b/2025-26b-fai2-adsai-OleksiiKrasnoshtanov240247/DataLabs/data/raw/Y2B_24/images/train_Elavendan_230533_im5.png,/home/y2b/2025-26b-fai2-adsai-OleksiiKrasnoshtanov240247/DataLabs/data/raw/Y2B_24/masks/Elavendan/train_Elavendan_230533_im5_root_mask.tif,/home/y2b/2025-26b-fai2-adsai-OleksiiKrasnoshtanov240247/DataLabs/data/raw/Y2B_24/masks/Elavendan/train_Elavendan_230533_im5_shoot_mask.tif,/home/y2b/2025-26b-fai2-adsai-OleksiiKrasnoshtanov240247/DataLabs/data/raw/Y2B_24/masks/Elavendan/train_Elavendan_230533_im5_seed_mask.tif
/home/y2b/2025-26b-fai2-adsai-OleksiiKrasnoshtanov240247/DataLabs/data/raw/Y2B_24/images/train_Elavendan_231452_im1.png,/home/y2b/2025-26b-fai2-adsai-OleksiiKrasnoshtanov240247/DataLabs/data/raw/Y2B_24/masks/Elavendan/train_Elavendan_231452_im1_root_mask.tif,/home/y2b/2025-26b-fai2-adsai-OleksiiKrasnoshtanov240247/DataLabs/data/raw/Y2B_24/masks/Elavendan/train_Elavendan_231452_im1_shoot_mask.tif,/home/y2b/2025-26b-fai2-adsai-OleksiiKrasnoshtanov240247/DataLabs/data/raw/Y2B_24/masks/Elavendan/train_Elavendan_231452_im1_seed_mask.tif
/home/y2b/2025-26b-fai2-adsai-OleksiiKrasnoshtanov240247/DataLabs/data/raw/Y2B_24/images/train_Elavendan_231452_im2.png,/home/y2b/2025-26b-fai2-adsai-OleksiiKrasnoshtanov240247/DataLabs/data/raw/Y2B_24/masks/Elavendan/train_Elavendan_231452_im2_root_mask.tif,/home/y2b/2025-26b-fai2-adsai-OleksiiKrasnoshtanov240247/DataLabs/data/raw/Y2B_24/masks/Elavendan/train_Elavendan_231452_im2_shoot_mask.tif,/home/y2b/2025-26b-fai2-adsai-OleksiiKrasnoshtanov240247/DataLabs/data/raw/Y2B_24/masks/Elavendan/train_Elavendan_231452_im2_seed_mask.tif
/home/y2b/2025-26b-fai2-adsai-OleksiiKrasnoshtanov240247/DataLabs/data/raw/Y2B_24/images/train_Elavendan_231452_im3.png,/home/y2b/2025-26b-fai2-adsai-OleksiiKrasnoshtanov240247/DataLabs/data/raw/Y2B_24/masks/Elavendan/train_Elavendan_231452_im3_root_mask.tif,/home/y2b/2025-26b-fai2-adsai-OleksiiKrasnoshtanov240247/DataLabs/data/raw/Y2B_24/masks/Elavendan/train_Elavendan_231452_im3_shoot_mask.tif,/home/y2b/2025-26b-fai2-adsai-OleksiiKrasnoshtanov240247/DataLabs/data/raw/Y2B_24/masks/Elavendan/train_Elavendan_231452_im3_seed_mask.tif
/home/y2b/2025-26b-fai2-adsai-OleksiiKrasnoshtanov240247/DataLabs/data/raw/Y2B_24/images/train_Elavendan_231452_im4.png,/home/y2b/2025-26b-fai2-adsai-OleksiiKrasnoshtanov240247/DataLabs/data/raw/Y2B_24/masks/Elavendan/train_Elavendan_231452_im4_root_mask.tif,/home/y2b/2025-26b-fai2-adsai-OleksiiKrasnoshtanov240247/DataLabs/data/raw/Y2B_24/masks/Elavendan/train_Elavendan_231452_im4_shoot_mask.tif,/home/y2b/2025-26b-fai2-adsai-OleksiiKrasnoshtanov240247/DataLabs/data/raw/Y2B_24/masks/Elavendan/train_Elavendan_231452_im4_seed_mask.tif
/home/y2b/2025-26b-fai2-adsai-OleksiiKrasnoshtanov240247/DataLabs/data/raw/Y2B_24/images/train_Elavendan_231452_im5.png,/home/y2b/2025-26b-fai2-adsai-OleksiiKrasnoshtanov240247/DataLabs/data/raw/Y2B_24/masks/Elavendan/train_Elavendan_231452_im5_root_mask.tif,/home/y2b/2025-26b-fai2-adsai-OleksiiKrasnoshtanov240247/DataLabs/data/raw/Y2B_24/masks/Elavendan/train_Elavendan_231452_im5_shoot_mask.tif,/home/y2b/2025-26b-fai2-adsai-OleksiiKrasnoshtanov240247/DataLabs/data/raw/Y2B_24/masks/Elavendan/train_Elavendan_231452_im5_seed_mask.tif
/home/y2b/2025-26b-fai2-adsai-OleksiiKrasnoshtanov240247/DataLabs/data/raw/Y2B_24/images/train_Elavendan_231709_im1.png,/home/y2b/2025-26b-fai2-adsai-OleksiiKrasnoshtanov240247/DataLabs/data/raw/Y2B_24/masks/Elavendan/train_Elavendan_231709_im1_root_mask.tif,/home/y2b/2025-26b-fai2-adsai-OleksiiKrasnoshtanov240247/DataLabs/data/raw/Y2B_24/masks/Elavendan/train_Elavendan_231709_im1_shoot_mask.tif,/home/y2b/2025-26b-fai2-adsai-OleksiiKrasnoshtanov240247/DataLabs/data/raw/Y2B_24/masks/Elavendan/train_Elavendan_231709_im1_seed_mask.tif
/home/y2b/2025-26b-fai2-adsai-OleksiiKrasnoshtanov240247/DataLabs/data/raw/Y2B_24/images/train_Elavendan_231709_im2.png,/home/y2b/2025-26b-fai2-adsai-OleksiiKrasnoshtanov240247/DataLabs/data/raw/Y2B_24/masks/Elavendan/train_Elavendan_231709_im2_root_mask.tif,/home/y2b/2025-26b-fai2-adsai-OleksiiKrasnoshtanov240247/DataLabs/data/raw/Y2B_24/masks/Elavendan/train_Elavendan_231709_im2_shoot_mask.tif,/home/y2b/2025-26b-fai2-adsai-OleksiiKrasnoshtanov240247/DataLabs/data/raw/Y2B_24/masks/Elavendan/train_Elavendan_231709_im2_seed_mask.tif
/home/y2b/2025-26b-fai2-adsai-OleksiiKrasnoshtanov240247/DataLabs/data/raw/Y2B_24/images/train_Elavendan_231709_im3.png,/home/y2b/2025-26b-fai2-adsai-OleksiiKrasnoshtanov240247/DataLabs/data/raw/Y2B_24/masks/Elavendan/train_Elavendan_231709_im3_root_mask.tif,/home/y2b/2025-26b-fai2-adsai-OleksiiKrasnoshtanov240247/DataLabs/data/raw/Y2B_24/masks/Elavendan/train_Elavendan_231709_im3_shoot_mask.tif,/home/y2b/2025-26b-fai2-adsai-OleksiiKrasnoshtanov240247/DataLabs/data/raw/Y2B_24/masks/Elavendan/train_Elavendan_231709_im3_seed_mask.tif
/home/y2b/2025-26b-fai2-adsai-OleksiiKrasnoshtanov240247/DataLabs/data/raw/Y2B_24/images/train_Elavendan_231709_im4.png,/home/y2b/2025-26b-fai2-adsai-OleksiiKrasnoshtanov240247/DataLabs/data/raw/Y2B_24/masks/Elavendan/train_Elavendan_231709_im4_root_mask.tif,/home/y2b/2025-26b-fai2-adsai-OleksiiKrasnoshtanov240247/DataLabs/data/raw/Y2B_24/masks/Elavendan/train_Elavendan_231709_im4_shoot_mask.tif,/home/y2b/2025-26b-fai2-adsai-OleksiiKrasnoshtanov240247/DataLabs/data/raw/Y2B_24/masks/Elavendan/train_Elavendan_231709_im4_seed_mask.tif
/home/y2b/2025-26b-fai2-adsai-OleksiiKrasnoshtanov240247/DataLabs/data/raw/Y2B_24/images/train_Elavendan_231709_im5.png,/home/y2b/2025-26b-fai2-adsai-OleksiiKrasnoshtanov240247/DataLabs/data/raw/Y2B_24/masks/Elavendan/train_Elavendan_231709_im5_root_mask.tif,/home/y2b/2025-26b-fai2-adsai-OleksiiKrasnoshtanov240247/DataLabs/data/raw/Y2B_24/masks/Elavendan/train_Elavendan_231709_im5_shoot_mask.tif,/home/y2b/2025-26b-fai2-adsai-OleksiiKrasnoshtanov240247/DataLabs/data/raw/Y2B_24/masks/Elavendan/train_Elavendan_231709_im5_seed_mask.tif
/home/y2b/2025-26b-fai2-adsai-OleksiiKrasnoshtanov240247/DataLabs/data/raw/Y2B_24/images/train_Elavendan_232079_im1.png,/home/y2b/2025-26b-fai2-adsai-OleksiiKrasnoshtanov240247/DataLabs/data/raw/Y2B_24/masks/Elavendan/train_Elavendan_232079_im1_root_mask.tif,/home/y2b/2025-26b-fai2-adsai-OleksiiKrasnoshtanov240247/DataLabs/data/raw/Y2B_24/masks/Elavendan/train_Elavendan_232079_im1_shoot_mask.tif,/home/y2b/2025-26b-fai2-adsai-OleksiiKrasnoshtanov240247/DataLabs/data/raw/Y2B_24/masks/Elavendan/train_Elavendan_232079_im1_seed_mask.tif
/home/y2b/2025-26b-fai2-adsai-OleksiiKrasnoshtanov240247/DataLabs/data/raw/Y2B_24/images/train_Elavendan_232079_im2.png,/home/y2b/2025-26b-fai2-adsai-OleksiiKrasnoshtanov240247/DataLabs/data/raw/Y2B_24/masks/Elavendan/train_Elavendan_232079_im2_root_mask.tif,FALSE,/home/y2b/2025-26b-fai2-adsai-OleksiiKrasnoshtanov240247/DataLabs/data/raw/Y2B_24/masks/Elavendan/train_Elavendan_232079_im2_seed_mask.tif
/home/y2b/2025-26b-fai2-adsai-OleksiiKrasnoshtanov240247/DataLabs/data/raw/Y2B_24/images/train_Elavendan_232079_im3.png,FALSE,FALSE,FALSE
/home/y2b/2025-26b-fai2-adsai-OleksiiKrasnoshtanov240247/DataLabs/data/raw/Y2B_24/images/train_Elavendan_232079_im4.png,FALSE,/home/y2b/2025-26b-fai2-adsai-OleksiiKrasnoshtanov240247/DataLabs/data/raw/Y2B_24/masks/Elavendan/train_Elavendan_232079_im4_shoot_mask.tif,/home/y2b/2025-26b-fai2-adsai-OleksiiKrasnoshtanov240247/DataLabs/data/raw/Y2B_24/masks/Elavendan/train_Elavendan_232079_im4_seed_mask.tif
/home/y2b/2025-26b-fai2-adsai-OleksiiKrasnoshtanov240247/DataLabs/data/raw/Y2B_24/images/train_Elavendan_232079_im5.png,/home/y2b/2025-26b-fai2-adsai-OleksiiKrasnoshtanov240247/DataLabs/data/raw/Y2B_24/masks/Elavendan/train_Elavendan_232079_im5_root_mask.tif,/home/y2b/2025-26b-fai2-adsai-OleksiiKrasnoshtanov240247/DataLabs/data/raw/Y2B_24/masks/Elavendan/train_Elavendan_232079_im5_shoot_mask.tif,/home/y2b/2025-26b-fai2-adsai-OleksiiKrasnoshtanov240247/DataLabs/data/raw/Y2B_24/masks/Elavendan/train_Elavendan_232079_im5_seed_mask.tif
/home/y2b/2025-26b-fai2-adsai-OleksiiKrasnoshtanov240247/DataLabs/data/raw/Y2B_24/images/train_Elavendan_232333_im1.png,FALSE,FALSE,FALSE
/home/y2b/2025-26b-fai2-adsai-OleksiiKrasnoshtanov240247/DataLabs/data/raw/Y2B_24/images/train_Elavendan_232333_im2.png,FALSE,FALSE,FALSE
/home/y2b/2025-26b-fai2-adsai-OleksiiKrasnoshtanov240247/DataLabs/data/raw/Y2B_24/images/train_Elavendan_232333_im3.png,FALSE,FALSE,FALSE
/home/y2b/2025-26b-fai2-adsai-OleksiiKrasnoshtanov240247/DataLabs/data/raw/Y2B_24/images/train_Elavendan_232333_im4.png,FALSE,FALSE,FALSE
/home/y2b/2025-26b-fai2-adsai-OleksiiKrasnoshtanov240247/DataLabs/data/raw/Y2B_24/images/train_Elavendan_232333_im5.png,FALSE,FALSE,FALSE
/home/y2b/2025-26b-fai2-adsai-OleksiiKrasnoshtanov240247/DataLabs/data/raw/Y2B_24/images/train_Elavendan_232345_im1.png,/home/y2b/2025-26b-fai2-adsai-OleksiiKrasnoshtanov240247/DataLabs/data/raw/Y2B_24/masks/Elavendan/train_Elavendan_232345_im1_root_mask.tif,/home/y2b/2025-26b-fai2-adsai-OleksiiKrasnoshtanov240247/DataLabs/data/raw/Y2B_24/masks/Elavendan/train_Elavendan_232345_im1_shoot_mask.tif,/home/y2b/2025-26b-fai2-adsai-OleksiiKrasnoshtanov240247/DataLabs/data/raw/Y2B_24/masks/Elavendan/train_Elavendan_232345_im1_seed_mask.tif
/home/y2b/2025-26b-fai2-adsai-OleksiiKrasnoshtanov240247/DataLabs/data/raw/Y2B_24/images/train_Elavendan_232345_im2.png,/home/y2b/2025-26b-fai2-adsai-OleksiiKrasnoshtanov240247/DataLabs/data/raw/Y2B_24/masks/Elavendan/train_Elavendan_232345_im2_root_mask.tif,/home/y2b/2025-26b-fai2-adsai-OleksiiKrasnoshtanov240247/DataLabs/data/raw/Y2B_24/masks/Elavendan/train_Elavendan_232345_im2_shoot_mask.tif,/home/y2b/2025-26b-fai2-adsai-OleksiiKrasnoshtanov240247/DataLabs/data/raw/Y2B_24/masks/Elavendan/train_Elavendan_232345_im2_seed_mask.tif
/home/y2b/2025-26b-fai2-adsai-OleksiiKrasnoshtanov240247/DataLabs/data/raw/Y2B_24/images/train_Elavendan_232345_im3.png,/home/y2b/2025-26b-fai2-adsai-OleksiiKrasnoshtanov240247/DataLabs/data/raw/Y2B_24/masks/Elavendan/train_Elavendan_232345_im3_root_mask.tif,/home/y2b/2025-26b-fai2-adsai-OleksiiKrasnoshtanov240247/DataLabs/data/raw/Y2B_24/masks/Elavendan/train_Elavendan_232345_im3_shoot_mask.tif,/home/y2b/2025-26b-fai2-adsai-OleksiiKrasnoshtanov240247/DataLabs/data/raw/Y2B_24/masks/Elavendan/train_Elavendan_232345_im3_seed_mask.tif
/home/y2b/2025-26b-fai2-adsai-OleksiiKrasnoshtanov240247/DataLabs/data/raw/Y2B_24/images/train_Elavendan_232345_im4.png,/home/y2b/2025-26b-fai2-adsai-OleksiiKrasnoshtanov240247/DataLabs/data/raw/Y2B_24/masks/Elavendan/train_Elavendan_232345_im4_root_mask.tif,/home/y2b/2025-26b-fai2-adsai-OleksiiKrasnoshtanov240247/DataLabs/data/raw/Y2B_24/masks/Elavendan/train_Elavendan_232345_im4_shoot_mask.tif,/home/y2b/2025-26b-fai2-adsai-OleksiiKrasnoshtanov240247/DataLabs/data/raw/Y2B_24/masks/Elavendan/train_Elavendan_232345_im4_seed_mask.tif
/home/y2b/2025-26b-fai2-adsai-OleksiiKrasnoshtanov240247/DataLabs/data/raw/Y2B_24/images/train_Elavendan_232345_im5.png,/home/y2b/2025-26b-fai2-adsai-OleksiiKrasnoshtanov240247/DataLabs/data/raw/Y2B_24/masks/Elavendan/train_Elavendan_232345_im5_root_mask.tif,/home/y2b/2025-26b-fai2-adsai-OleksiiKrasnoshtanov240247/DataLabs/data/raw/Y2B_24/masks/Elavendan/train_Elavendan_232345_im5_shoot_mask.tif,/home/y2b/2025-26b-fai2-adsai-OleksiiKrasnoshtanov240247/DataLabs/data/raw/Y2B_24/masks/Elavendan/train_Elavendan_232345_im5_seed_mask.tif
/home/y2b/2025-26b-fai2-adsai-OleksiiKrasnoshtanov240247/DataLabs/data/raw/Y2B_24/images/train_Elavendan_232430_im1.png,/home/y2b/2025-26b-fai2-adsai-OleksiiKrasnoshtanov240247/DataLabs/data/raw/Y2B_24/masks/Elavendan/train_Elavendan_232430_im1_root_mask.tif,FALSE,/home/y2b/2025-26b-fai2-adsai-OleksiiKrasnoshtanov240247/DataLabs/data/raw/Y2B_24/masks/Elavendan/train_Elavendan_232430_im1_seed_mask.tif
/home/y2b/2025-26b-fai2-adsai-OleksiiKrasnoshtanov240247/DataLabs/data/raw/Y2B_24/images/train_Elavendan_232430_im2.png,FALSE,/home/y2b/2025-26b-fai2-adsai-OleksiiKrasnoshtanov240247/DataLabs/data/raw/Y2B_24/masks/Elavendan/train_Elavendan_232430_im2_shoot_mask.tif,FALSE
/home/y2b/2025-26b-fai2-adsai-OleksiiKrasnoshtanov240247/DataLabs/data/raw/Y2B_24/images/train_Elavendan_232430_im3.png,/home/y2b/2025-26b-fai2-adsai-OleksiiKrasnoshtanov240247/DataLabs/data/raw/Y2B_24/masks/Elavendan/train_Elavendan_232430_im3_root_mask.tif,/home/y2b/2025-26b-fai2-adsai-OleksiiKrasnoshtanov240247/DataLabs/data/raw/Y2B_24/masks/Elavendan/train_Elavendan_232430_im3_shoot_mask.tif,/home/y2b/2025-26b-fai2-adsai-OleksiiKrasnoshtanov240247/DataLabs/data/raw/Y2B_24/masks/Elavendan/train_Elavendan_232430_im3_seed_mask.tif
/home/y2b/2025-26b-fai2-adsai-OleksiiKrasnoshtanov240247/DataLabs/data/raw/Y2B_24/images/train_Elavendan_232430_im4.png,/home/y2b/2025-26b-fai2-adsai-OleksiiKrasnoshtanov240247/DataLabs/data/raw/Y2B_24/masks/Elavendan/train_Elavendan_232430_im4_root_mask.tif,/home/y2b/2025-26b-fai2-adsai-OleksiiKrasnoshtanov240247/DataLabs/data/raw/Y2B_24/masks/Elavendan/train_Elavendan_232430_im4_shoot_mask.tif,/home/y2b/2025-26b-fai2-adsai-OleksiiKrasnoshtanov240247/DataLabs/data/raw/Y2B_24/masks/Elavendan/train_Elavendan_232430_im4_seed_mask.tif
/home/y2b/2025-26b-fai2-adsai-OleksiiKrasnoshtanov240247/DataLabs/data/raw/Y2B_24/images/train_Elavendan_232430_im5.png,/home/y2b/2025-26b-fai2-adsai-OleksiiKrasnoshtanov240247/DataLabs/data/raw/Y2B_24/masks/Elavendan/train_Elavendan_232430_im5_root_mask.tif,/home/y2b/2025-26b-fai2-adsai-OleksiiKrasnoshtanov240247/DataLabs/data/raw/Y2B_24/masks/Elavendan/train_Elavendan_232430_im5_shoot_mask.tif,/home/y2b/2025-26b-fai2-adsai-OleksiiKrasnoshtanov240247/DataLabs/data/raw/Y2B_24/masks/Elavendan/train_Elavendan_232430_im5_seed_mask.tif
/home/y2b/2025-26b-fai2-adsai-OleksiiKrasnoshtanov240247/DataLabs/data/raw/Y2B_24/images/train_Elavendan_233594_im1.png,/home/y2b/2025-26b-fai2-adsai-OleksiiKrasnoshtanov240247/DataLabs/data/raw/Y2B_24/masks/Elavendan/train_Elavendan_233594_im1_root_mask.tif,/home/y2b/2025-26b-fai2-adsai-OleksiiKrasnoshtanov240247/DataLabs/data/raw/Y2B_24/masks/Elavendan/train_Elavendan_233594_im1_shoot_mask.tif,/home/y2b/2025-26b-fai2-adsai-OleksiiKrasnoshtanov240247/DataLabs/data/raw/Y2B_24/masks/Elavendan/train_Elavendan_233594_im1_seed_mask.tif
/home/y2b/2025-26b-fai2-adsai-OleksiiKrasnoshtanov240247/DataLabs/data/raw/Y2B_24/images/train_Elavendan_233594_im2.png,/home/y2b/2025-26b-fai2-adsai-OleksiiKrasnoshtanov240247/DataLabs/data/raw/Y2B_24/masks/Elavendan/train_Elavendan_233594_im2_root_mask.tif,/home/y2b/2025-26b-fai2-adsai-OleksiiKrasnoshtanov240247/DataLabs/data/raw/Y2B_24/masks/Elavendan/train_Elavendan_233594_im2_shoot_mask.tif,/home/y2b/2025-26b-fai2-adsai-OleksiiKrasnoshtanov240247/DataLabs/data/raw/Y2B_24/masks/Elavendan/train_Elavendan_233594_im2_seed_mask.tif
/home/y2b/2025-26b-fai2-adsai-OleksiiKrasnoshtanov240247/DataLabs/data/raw/Y2B_24/images/train_Elavendan_233594_im3.png,/home/y2b/2025-26b-fai2-adsai-OleksiiKrasnoshtanov240247/DataLabs/data/raw/Y2B_24/masks/Elavendan/train_Elavendan_233594_im3_root_mask.tif,/home/y2b/2025-26b-fai2-adsai-OleksiiKrasnoshtanov240247/DataLabs/data/raw/Y2B_24/masks/Elavendan/train_Elavendan_233594_im3_shoot_mask.tif,/home/y2b/2025-26b-fai2-adsai-OleksiiKrasnoshtanov240247/DataLabs/data/raw/Y2B_24/masks/Elavendan/train_Elavendan_233594_im3_seed_mask.tif
/home/y2b/2025-26b-fai2-adsai-OleksiiKrasnoshtanov240247/DataLabs/data/raw/Y2B_24/images/train_Elavendan_233594_im4.png,/home/y2b/2025-26b-fai2-adsai-OleksiiKrasnoshtanov240247/DataLabs/data/raw/Y2B_24/masks/Elavendan/train_Elavendan_233594_im4_root_mask.tif,/home/y2b/2025-26b-fai2-adsai-OleksiiKrasnoshtanov240247/DataLabs/data/raw/Y2B_24/masks/Elavendan/train_Elavendan_233594_im4_shoot_mask.tif,/home/y2b/2025-26b-fai2-adsai-OleksiiKrasnoshtanov240247/DataLabs/data/raw/Y2B_24/masks/Elavendan/train_Elavendan_233594_im4_seed_mask.tif
/home/y2b/2025-26b-fai2-adsai-OleksiiKrasnoshtanov240247/DataLabs/data/raw/Y2B_24/images/train_Elavendan_233594_im5.png,/home/y2b/2025-26b-fai2-adsai-OleksiiKrasnoshtanov240247/DataLabs/data/raw/Y2B_24/masks/Elavendan/train_Elavendan_233594_im5_root_mask.tif,/home/y2b/2025-26b-fai2-adsai-OleksiiKrasnoshtanov240247/DataLabs/data/raw/Y2B_24/masks/Elavendan/train_Elavendan_233594_im5_shoot_mask.tif,/home/y2b/2025-26b-fai2-adsai-OleksiiKrasnoshtanov240247/DataLabs/data/raw/Y2B_24/masks/Elavendan/train_Elavendan_233594_im5_seed_mask.tif
/home/y2b/2025-26b-fai2-adsai-OleksiiKrasnoshtanov240247/DataLabs/data/raw/Y2B_24/images/train_Elavendan_234033_im1.png,/home/y2b/2025-26b-fai2-adsai-OleksiiKrasnoshtanov240247/DataLabs/data/raw/Y2B_24/masks/Elavendan/train_Elavendan_234033_im1_root_mask.tif,/home/y2b/2025-26b-fai2-adsai-OleksiiKrasnoshtanov240247/DataLabs/data/raw/Y2B_24/masks/Elavendan/train_Elavendan_234033_im1_shoot_mask.tif,/home/y2b/2025-26b-fai2-adsai-OleksiiKrasnoshtanov240247/DataLabs/data/raw/Y2B_24/masks/Elavendan/train_Elavendan_234033_im1_seed_mask.tif
/home/y2b/2025-26b-fai2-adsai-OleksiiKrasnoshtanov240247/DataLabs/data/raw/Y2B_24/images/train_Elavendan_234033_im2.png,/home/y2b/2025-26b-fai2-adsai-OleksiiKrasnoshtanov240247/DataLabs/data/raw/Y2B_24/masks/Elavendan/train_Elavendan_234033_im2_root_mask.tif,/home/y2b/2025-26b-fai2-adsai-OleksiiKrasnoshtanov240247/DataLabs/data/raw/Y2B_24/masks/Elavendan/train_Elavendan_234033_im2_shoot_mask.tif,/home/y2b/2025-26b-fai2-adsai-OleksiiKrasnoshtanov240247/DataLabs/data/raw/Y2B_24/masks/Elavendan/train_Elavendan_234033_im2_seed_mask.tif
/home/y2b/2025-26b-fai2-adsai-OleksiiKrasnoshtanov240247/DataLabs/data/raw/Y2B_24/images/train_Elavendan_234033_im3.png,/home/y2b/2025-26b-fai2-adsai-OleksiiKrasnoshtanov240247/DataLabs/data/raw/Y2B_24/masks/Elavendan/train_Elavendan_234033_im3_root_mask.tif,/home/y2b/2025-26b-fai2-adsai-OleksiiKrasnoshtanov240247/DataLabs/data/raw/Y2B_24/masks/Elavendan/train_Elavendan_234033_im3_shoot_mask.tif,/home/y2b/2025-26b-fai2-adsai-OleksiiKrasnoshtanov240247/DataLabs/data/raw/Y2B_24/masks/Elavendan/train_Elavendan_234033_im3_seed_mask.tif
/home/y2b/2025-26b-fai2-adsai-OleksiiKrasnoshtanov240247/DataLabs/data/raw/Y2B_24/images/train_Elavendan_234033_im4.png,/home/y2b/2025-26b-fai2-adsai-OleksiiKrasnoshtanov240247/DataLabs/data/raw/Y2B_24/masks/Elavendan/train_Elavendan_234033_im4_root_mask.tif,/home/y2b/2025-26b-fai2-adsai-OleksiiKrasnoshtanov240247/DataLabs/data/raw/Y2B_24/masks/Elavendan/train_Elavendan_234033_im4_shoot_mask.tif,/home/y2b/2025-26b-fai2-adsai-OleksiiKrasnoshtanov240247/DataLabs/data/raw/Y2B_24/masks/Elavendan/train_Elavendan_234033_im4_seed_mask.tif
/home/y2b/2025-26b-fai2-adsai-OleksiiKrasnoshtanov240247/DataLabs/data/raw/Y2B_24/images/train_Elavendan_234033_im5.png,/home/y2b/2025-26b-fai2-adsai-OleksiiKrasnoshtanov240247/DataLabs/data/raw/Y2B_24/masks/Elavendan/train_Elavendan_234033_im5_root_mask.tif,/home/y2b/2025-26b-fai2-adsai-OleksiiKrasnoshtanov240247/DataLabs/data/raw/Y2B_24/masks/Elavendan/train_Elavendan_234033_im5_shoot_mask.tif,/home/y2b/2025-26b-fai2-adsai-OleksiiKrasnoshtanov240247/DataLabs/data/raw/Y2B_24/masks/Elavendan/train_Elavendan_234033_im5_seed_mask.tif
/home/y2b/2025-26b-fai2-adsai-OleksiiKrasnoshtanov240247/DataLabs/data/raw/Y2B_24/images/train_Elavendan_234669_im1.png,FALSE,FALSE,FALSE
/home/y2b/2025-26b-fai2-adsai-OleksiiKrasnoshtanov240247/DataLabs/data/raw/Y2B_24/images/train_Elavendan_234669_im2.png,FALSE,FALSE,FALSE
/home/y2b/2025-26b-fai2-adsai-OleksiiKrasnoshtanov240247/DataLabs/data/raw/Y2B_24/images/train_Elavendan_234669_im3.png,FALSE,FALSE,FALSE
/home/y2b/2025-26b-fai2-adsai-OleksiiKrasnoshtanov240247/DataLabs/data/raw/Y2B_24/images/train_Elavendan_234669_im4.png,FALSE,FALSE,FALSE
/home/y2b/2025-26b-fai2-adsai-OleksiiKrasnoshtanov240247/DataLabs/data/raw/Y2B_24/images/train_Elavendan_234669_im5.png,FALSE,FALSE,FALSE
/home/y2b/2025-26b-fai2-adsai-OleksiiKrasnoshtanov240247/DataLabs/data/raw/Y2B_24/images/train_Elavendan_235159_im1.png,/home/y2b/2025-26b-fai2-adsai-OleksiiKrasnoshtanov240247/DataLabs/data/raw/Y2B_24/masks/Elavendan/train_Elavendan_235159_im1_root_mask.tif,/home/y2b/2025-26b-fai2-adsai-OleksiiKrasnoshtanov240247/DataLabs/data/raw/Y2B_24/masks/Elavendan/train_Elavendan_235159_im1_shoot_mask.tif,/home/y2b/2025-26b-fai2-adsai-OleksiiKrasnoshtanov240247/DataLabs/data/raw/Y2B_24/masks/Elavendan/train_Elavendan_235159_im1_seed_mask.tif
/home/y2b/2025-26b-fai2-adsai-OleksiiKrasnoshtanov240247/DataLabs/data/raw/Y2B_24/images/train_Elavendan_235159_im2.png,/home/y2b/2025-26b-fai2-adsai-OleksiiKrasnoshtanov240247/DataLabs/data/raw/Y2B_24/masks/Elavendan/train_Elavendan_235159_im2_root_mask.tif,/home/y2b/2025-26b-fai2-adsai-OleksiiKrasnoshtanov240247/DataLabs/data/raw/Y2B_24/masks/Elavendan/train_Elavendan_235159_im2_shoot_mask.tif,/home/y2b/2025-26b-fai2-adsai-OleksiiKrasnoshtanov240247/DataLabs/data/raw/Y2B_24/masks/Elavendan/train_Elavendan_235159_im2_seed_mask.tif
/home/y2b/2025-26b-fai2-adsai-OleksiiKrasnoshtanov240247/DataLabs/data/raw/Y2B_24/images/train_Elavendan_235159_im3.png,/home/y2b/2025-26b-fai2-adsai-OleksiiKrasnoshtanov240247/DataLabs/data/raw/Y2B_24/masks/Elavendan/train_Elavendan_235159_im3_root_mask.tif,/home/y2b/2025-26b-fai2-adsai-OleksiiKrasnoshtanov240247/DataLabs/data/raw/Y2B_24/masks/Elavendan/train_Elavendan_235159_im3_shoot_mask.tif,/home/y2b/2025-26b-fai2-adsai-OleksiiKrasnoshtanov240247/DataLabs/data/raw/Y2B_24/masks/Elavendan/train_Elavendan_235159_im3_seed_mask.tif
/home/y2b/2025-26b-fai2-adsai-OleksiiKrasnoshtanov240247/DataLabs/data/raw/Y2B_24/images/train_Elavendan_235159_im4.png,/home/y2b/2025-26b-fai2-adsai-OleksiiKrasnoshtanov240247/DataLabs/data/raw/Y2B_24/masks/Elavendan/train_Elavendan_235159_im4_root_mask.tif,/home/y2b/2025-26b-fai2-adsai-OleksiiKrasnoshtanov240247/DataLabs/data/raw/Y2B_24/masks/Elavendan/train_Elavendan_235159_im4_shoot_mask.tif,/home/y2b/2025-26b-fai2-adsai-OleksiiKrasnoshtanov240247/DataLabs/data/raw/Y2B_24/masks/Elavendan/train_Elavendan_235159_im4_seed_mask.tif
/home/y2b/2025-26b-fai2-adsai-OleksiiKrasnoshtanov240247/DataLabs/data/raw/Y2B_24/images/train_Elavendan_235159_im5.png,/home/y2b/2025-26b-fai2-adsai-OleksiiKrasnoshtanov240247/DataLabs/data/raw/Y2B_24/masks/Elavendan/train_Elavendan_235159_im5_root_mask.tif,/home/y2b/2025-26b-fai2-adsai-OleksiiKrasnoshtanov240247/DataLabs/data/raw/Y2B_24/masks/Elavendan/train_Elavendan_235159_im5_shoot_mask.tif,/home/y2b/2025-26b-fai2-adsai-OleksiiKrasnoshtanov240247/DataLabs/data/raw/Y2B_24/masks/Elavendan/train_Elavendan_235159_im5_seed_mask.tif
/home/y2b/2025-26b-fai2-adsai-OleksiiKrasnoshtanov240247/DataLabs/data/raw/Y2B_24/images/train_Elavendan_236535_im1.png,/home/y2b/2025-26b-fai2-adsai-OleksiiKrasnoshtanov240247/DataLabs/data/raw/Y2B_24/masks/Elavendan/train_Elavendan_236535_im1_root_mask.tif,/home/y2b/2025-26b-fai2-adsai-OleksiiKrasnoshtanov240247/DataLabs/data/raw/Y2B_24/masks/Elavendan/train_Elavendan_236535_im1_shoot_mask.tif,/home/y2b/2025-26b-fai2-adsai-OleksiiKrasnoshtanov240247/DataLabs/data/raw/Y2B_24/masks/Elavendan/train_Elavendan_236535_im1_seed_mask.tif
/home/y2b/2025-26b-fai2-adsai-OleksiiKrasnoshtanov240247/DataLabs/data/raw/Y2B_24/images/train_Elavendan_236535_im2.png,/home/y2b/2025-26b-fai2-adsai-OleksiiKrasnoshtanov240247/DataLabs/data/raw/Y2B_24/masks/Elavendan/train_Elavendan_236535_im2_root_mask.tif,/home/y2b/2025-26b-fai2-adsai-OleksiiKrasnoshtanov240247/DataLabs/data/raw/Y2B_24/masks/Elavendan/train_Elavendan_236535_im2_shoot_mask.tif,/home/y2b/2025-26b-fai2-adsai-OleksiiKrasnoshtanov240247/DataLabs/data/raw/Y2B_24/masks/Elavendan/train_Elavendan_236535_im2_seed_mask.tif
/home/y2b/2025-26b-fai2-adsai-OleksiiKrasnoshtanov240247/DataLabs/data/raw/Y2B_24/images/train_Elavendan_236535_im3.png,/home/y2b/2025-26b-fai2-adsai-OleksiiKrasnoshtanov240247/DataLabs/data/raw/Y2B_24/masks/Elavendan/train_Elavendan_236535_im3_root_mask.tif,/home/y2b/2025-26b-fai2-adsai-OleksiiKrasnoshtanov240247/DataLabs/data/raw/Y2B_24/masks/Elavendan/train_Elavendan_236535_im3_shoot_mask.tif,/home/y2b/2025-26b-fai2-adsai-OleksiiKrasnoshtanov240247/DataLabs/data/raw/Y2B_24/masks/Elavendan/train_Elavendan_236535_im3_seed_mask.tif
/home/y2b/2025-26b-fai2-adsai-OleksiiKrasnoshtanov240247/DataLabs/data/raw/Y2B_24/images/train_Elavendan_236535_im4.png,/home/y2b/2025-26b-fai2-adsai-OleksiiKrasnoshtanov240247/DataLabs/data/raw/Y2B_24/masks/Elavendan/train_Elavendan_236535_im4_root_mask.tif,/home/y2b/2025-26b-fai2-adsai-OleksiiKrasnoshtanov240247/DataLabs/data/raw/Y2B_24/masks/Elavendan/train_Elavendan_236535_im4_shoot_mask.tif,/home/y2b/2025-26b-fai2-adsai-OleksiiKrasnoshtanov240247/DataLabs/data/raw/Y2B_24/masks/Elavendan/train_Elavendan_236535_im4_seed_mask.tif
/home/y2b/2025-26b-fai2-adsai-OleksiiKrasnoshtanov240247/DataLabs/data/raw/Y2B_24/images/train_Elavendan_236535_im5.png,/home/y2b/2025-26b-fai2-adsai-OleksiiKrasnoshtanov240247/DataLabs/data/raw/Y2B_24/masks/Elavendan/train_Elavendan_236535_im5_root_mask.tif,/home/y2b/2025-26b-fai2-adsai-OleksiiKrasnoshtanov240247/DataLabs/data/raw/Y2B_24/masks/Elavendan/train_Elavendan_236535_im5_shoot_mask.tif,/home/y2b/2025-26b-fai2-adsai-OleksiiKrasnoshtanov240247/DataLabs/data/raw/Y2B_24/masks/Elavendan/train_Elavendan_236535_im5_seed_mask.tif
/home/y2b/2025-26b-fai2-adsai-OleksiiKrasnoshtanov240247/DataLabs/data/raw/Y2B_24/images/train_Elavendan_236730_im1.png,/home/y2b/2025-26b-fai2-adsai-OleksiiKrasnoshtanov240247/DataLabs/data/raw/Y2B_24/masks/Elavendan/train_Elavendan_236730_im1_root_mask.tif,/home/y2b/2025-26b-fai2-adsai-OleksiiKrasnoshtanov240247/DataLabs/data/raw/Y2B_24/masks/Elavendan/train_Elavendan_236730_im1_shoot_mask.tif,/home/y2b/2025-26b-fai2-adsai-OleksiiKrasnoshtanov240247/DataLabs/data/raw/Y2B_24/masks/Elavendan/train_Elavendan_236730_im1_seed_mask.tif
/home/y2b/2025-26b-fai2-adsai-OleksiiKrasnoshtanov240247/DataLabs/data/raw/Y2B_24/images/train_Elavendan_236730_im2.png,/home/y2b/2025-26b-fai2-adsai-OleksiiKrasnoshtanov240247/DataLabs/data/raw/Y2B_24/masks/Elavendan/train_Elavendan_236730_im2_root_mask.tif,/home/y2b/2025-26b-fai2-adsai-OleksiiKrasnoshtanov240247/DataLabs/data/raw/Y2B_24/masks/Elavendan/train_Elavendan_236730_im2_shoot_mask.tif,/home/y2b/2025-26b-fai2-adsai-OleksiiKrasnoshtanov240247/DataLabs/data/raw/Y2B_24/masks/Elavendan/train_Elavendan_236730_im2_seed_mask.tif
/home/y2b/2025-26b-fai2-adsai-OleksiiKrasnoshtanov240247/DataLabs/data/raw/Y2B_24/images/train_Elavendan_236730_im3.png,/home/y2b/2025-26b-fai2-adsai-OleksiiKrasnoshtanov240247/DataLabs/data/raw/Y2B_24/masks/Elavendan/train_Elavendan_236730_im3_root_mask.tif,/home/y2b/2025-26b-fai2-adsai-OleksiiKrasnoshtanov240247/DataLabs/data/raw/Y2B_24/masks/Elavendan/train_Elavendan_236730_im3_shoot_mask.tif,/home/y2b/2025-26b-fai2-adsai-OleksiiKrasnoshtanov240247/DataLabs/data/raw/Y2B_24/masks/Elavendan/train_Elavendan_236730_im3_seed_mask.tif
/home/y2b/2025-26b-fai2-adsai-OleksiiKrasnoshtanov240247/DataLabs/data/raw/Y2B_24/images/train_Elavendan_236730_im4.png,/home/y2b/2025-26b-fai2-adsai-OleksiiKrasnoshtanov240247/DataLabs/data/raw/Y2B_24/masks/Elavendan/train_Elavendan_236730_im4_root_mask.tif,/home/y2b/2025-26b-fai2-adsai-OleksiiKrasnoshtanov240247/DataLabs/data/raw/Y2B_24/masks/Elavendan/train_Elavendan_236730_im4_shoot_mask.tif,/home/y2b/2025-26b-fai2-adsai-OleksiiKrasnoshtanov240247/DataLabs/data/raw/Y2B_24/masks/Elavendan/train_Elavendan_236730_im4_seed_mask.tif
/home/y2b/2025-26b-fai2-adsai-OleksiiKrasnoshtanov240247/DataLabs/data/raw/Y2B_24/images/train_Elavendan_236730_im5.png,/home/y2b/2025-26b-fai2-adsai-OleksiiKrasnoshtanov240247/DataLabs/data/raw/Y2B_24/masks/Elavendan/train_Elavendan_236730_im5_root_mask.tif,/home/y2b/2025-26b-fai2-adsai-OleksiiKrasnoshtanov240247/DataLabs/data/raw/Y2B_24/masks/Elavendan/train_Elavendan_236730_im5_shoot_mask.tif,/home/y2b/2025-26b-fai2-adsai-OleksiiKrasnoshtanov240247/DataLabs/data/raw/Y2B_24/masks/Elavendan/train_Elavendan_236730_im5_seed_mask.tif
/home/y2b/2025-26b-fai2-adsai-OleksiiKrasnoshtanov240247/DataLabs/data/raw/Y2B_24/images/train_Karna_230574_im1.png,/home/y2b/2025-26b-fai2-adsai-OleksiiKrasnoshtanov240247/DataLabs/data/raw/Y2B_24/masks/Karna/train_Karna_230574_im1_root_mask.tif,/home/y2b/2025-26b-fai2-adsai-OleksiiKrasnoshtanov240247/DataLabs/data/raw/Y2B_24/masks/Karna/train_Karna_230574_im1_shoot_mask.tif,/home/y2b/2025-26b-fai2-adsai-OleksiiKrasnoshtanov240247/DataLabs/data/raw/Y2B_24/masks/Karna/train_Karna_230574_im1_seed_mask.tif
/home/y2b/2025-26b-fai2-adsai-OleksiiKrasnoshtanov240247/DataLabs/data/raw/Y2B_24/images/train_Karna_230574_im2.png,/home/y2b/2025-26b-fai2-adsai-OleksiiKrasnoshtanov240247/DataLabs/data/raw/Y2B_24/masks/Karna/train_Karna_230574_im2_root_mask.tif,/home/y2b/2025-26b-fai2-adsai-OleksiiKrasnoshtanov240247/DataLabs/data/raw/Y2B_24/masks/Karna/train_Karna_230574_im2_shoot_mask.tif,/home/y2b/2025-26b-fai2-adsai-OleksiiKrasnoshtanov240247/DataLabs/data/raw/Y2B_24/masks/Karna/train_Karna_230574_im2_seed_mask.tif
/home/y2b/2025-26b-fai2-adsai-OleksiiKrasnoshtanov240247/DataLabs/data/raw/Y2B_24/images/train_Karna_230574_im3.png,/home/y2b/2025-26b-fai2-adsai-OleksiiKrasnoshtanov240247/DataLabs/data/raw/Y2B_24/masks/Karna/train_Karna_230574_im3_root_mask.tif,/home/y2b/2025-26b-fai2-adsai-OleksiiKrasnoshtanov240247/DataLabs/data/raw/Y2B_24/masks/Karna/train_Karna_230574_im3_shoot_mask.tif,/home/y2b/2025-26b-fai2-adsai-OleksiiKrasnoshtanov240247/DataLabs/data/raw/Y2B_24/masks/Karna/train_Karna_230574_im3_seed_mask.tif
/home/y2b/2025-26b-fai2-adsai-OleksiiKrasnoshtanov240247/DataLabs/data/raw/Y2B_24/images/train_Karna_230574_im4.png,/home/y2b/2025-26b-fai2-adsai-OleksiiKrasnoshtanov240247/DataLabs/data/raw/Y2B_24/masks/Karna/train_Karna_230574_im4_root_mask.tif,/home/y2b/2025-26b-fai2-adsai-OleksiiKrasnoshtanov240247/DataLabs/data/raw/Y2B_24/masks/Karna/train_Karna_230574_im4_shoot_mask.tif,/home/y2b/2025-26b-fai2-adsai-OleksiiKrasnoshtanov240247/DataLabs/data/raw/Y2B_24/masks/Karna/train_Karna_230574_im4_seed_mask.tif
/home/y2b/2025-26b-fai2-adsai-OleksiiKrasnoshtanov240247/DataLabs/data/raw/Y2B_24/images/train_Karna_230574_im5.png,/home/y2b/2025-26b-fai2-adsai-OleksiiKrasnoshtanov240247/DataLabs/data/raw/Y2B_24/masks/Karna/train_Karna_230574_im5_root_mask.tif,/home/y2b/2025-26b-fai2-adsai-OleksiiKrasnoshtanov240247/DataLabs/data/raw/Y2B_24/masks/Karna/train_Karna_230574_im5_shoot_mask.tif,/home/y2b/2025-26b-fai2-adsai-OleksiiKrasnoshtanov240247/DataLabs/data/raw/Y2B_24/masks/Karna/train_Karna_230574_im5_seed_mask.tif
/home/y2b/2025-26b-fai2-adsai-OleksiiKrasnoshtanov240247/DataLabs/data/raw/Y2B_24/images/train_Karna_231018_im1.png,/home/y2b/2025-26b-fai2-adsai-OleksiiKrasnoshtanov240247/DataLabs/data/raw/Y2B_24/masks/Karna/train_Karna_231018_im1_root_mask.tif,/home/y2b/2025-26b-fai2-adsai-OleksiiKrasnoshtanov240247/DataLabs/data/raw/Y2B_24/masks/Karna/train_Karna_231018_im1_shoot_mask.tif,/home/y2b/2025-26b-fai2-adsai-OleksiiKrasnoshtanov240247/DataLabs/data/raw/Y2B_24/masks/Karna/train_Karna_231018_im1_seed_mask.tif
/home/y2b/2025-26b-fai2-adsai-OleksiiKrasnoshtanov240247/DataLabs/data/raw/Y2B_24/images/train_Karna_231018_im2.png,/home/y2b/2025-26b-fai2-adsai-OleksiiKrasnoshtanov240247/DataLabs/data/raw/Y2B_24/masks/Karna/train_Karna_231018_im2_root_mask.tif,/home/y2b/2025-26b-fai2-adsai-OleksiiKrasnoshtanov240247/DataLabs/data/raw/Y2B_24/masks/Karna/train_Karna_231018_im2_shoot_mask.tif,/home/y2b/2025-26b-fai2-adsai-OleksiiKrasnoshtanov240247/DataLabs/data/raw/Y2B_24/masks/Karna/train_Karna_231018_im2_seed_mask.tif
/home/y2b/2025-26b-fai2-adsai-OleksiiKrasnoshtanov240247/DataLabs/data/raw/Y2B_24/images/train_Karna_231018_im3.png,/home/y2b/2025-26b-fai2-adsai-OleksiiKrasnoshtanov240247/DataLabs/data/raw/Y2B_24/masks/Karna/train_Karna_231018_im3_root_mask.tif,/home/y2b/2025-26b-fai2-adsai-OleksiiKrasnoshtanov240247/DataLabs/data/raw/Y2B_24/masks/Karna/train_Karna_231018_im3_shoot_mask.tif,/home/y2b/2025-26b-fai2-adsai-OleksiiKrasnoshtanov240247/DataLabs/data/raw/Y2B_24/masks/Karna/train_Karna_231018_im3_seed_mask.tif
/home/y2b/2025-26b-fai2-adsai-OleksiiKrasnoshtanov240247/DataLabs/data/raw/Y2B_24/images/train_Karna_231018_im4.png,/home/y2b/2025-26b-fai2-adsai-OleksiiKrasnoshtanov240247/DataLabs/data/raw/Y2B_24/masks/Karna/train_Karna_231018_im4_root_mask.tif,/home/y2b/2025-26b-fai2-adsai-OleksiiKrasnoshtanov240247/DataLabs/data/raw/Y2B_24/masks/Karna/train_Karna_231018_im4_shoot_mask.tif,/home/y2b/2025-26b-fai2-adsai-OleksiiKrasnoshtanov240247/DataLabs/data/raw/Y2B_24/masks/Karna/train_Karna_231018_im4_seed_mask.tif
/home/y2b/2025-26b-fai2-adsai-OleksiiKrasnoshtanov240247/DataLabs/data/raw/Y2B_24/images/train_Karna_231018_im5.png,/home/y2b/2025-26b-fai2-adsai-OleksiiKrasnoshtanov240247/DataLabs/data/raw/Y2B_24/masks/Karna/train_Karna_231018_im5_root_mask.tif,/home/y2b/2025-26b-fai2-adsai-OleksiiKrasnoshtanov240247/DataLabs/data/raw/Y2B_24/masks/Karna/train_Karna_231018_im5_shoot_mask.tif,/home/y2b/2025-26b-fai2-adsai-OleksiiKrasnoshtanov240247/DataLabs/data/raw/Y2B_24/masks/Karna/train_Karna_231018_im5_seed_mask.tif
/home/y2b/2025-26b-fai2-adsai-OleksiiKrasnoshtanov240247/DataLabs/data/raw/Y2B_24/images/train_Karna_231146_im1.png,/home/y2b/2025-26b-fai2-adsai-OleksiiKrasnoshtanov240247/DataLabs/data/raw/Y2B_24/masks/Karna/train_Karna_231146_im1_root_mask.tif,/home/y2b/2025-26b-fai2-adsai-OleksiiKrasnoshtanov240247/DataLabs/data/raw/Y2B_24/masks/Karna/train_Karna_231146_im1_shoot_mask.tif,/home/y2b/2025-26b-fai2-adsai-OleksiiKrasnoshtanov240247/DataLabs/data/raw/Y2B_24/masks/Karna/train_Karna_231146_im1_seed_mask.tif
/home/y2b/2025-26b-fai2-adsai-OleksiiKrasnoshtanov240247/DataLabs/data/raw/Y2B_24/images/train_Karna_231146_im2.png,/home/y2b/2025-26b-fai2-adsai-OleksiiKrasnoshtanov240247/DataLabs/data/raw/Y2B_24/masks/Karna/train_Karna_231146_im2_root_mask.tif,/home/y2b/2025-26b-fai2-adsai-OleksiiKrasnoshtanov240247/DataLabs/data/raw/Y2B_24/masks/Karna/train_Karna_231146_im2_shoot_mask.tif,/home/y2b/2025-26b-fai2-adsai-OleksiiKrasnoshtanov240247/DataLabs/data/raw/Y2B_24/masks/Karna/train_Karna_231146_im2_seed_mask.tif
/home/y2b/2025-26b-fai2-adsai-OleksiiKrasnoshtanov240247/DataLabs/data/raw/Y2B_24/images/train_Karna_231146_im3.png,/home/y2b/2025-26b-fai2-adsai-OleksiiKrasnoshtanov240247/DataLabs/data/raw/Y2B_24/masks/Karna/train_Karna_231146_im3_root_mask.tif,/home/y2b/2025-26b-fai2-adsai-OleksiiKrasnoshtanov240247/DataLabs/data/raw/Y2B_24/masks/Karna/train_Karna_231146_im3_shoot_mask.tif,/home/y2b/2025-26b-fai2-adsai-OleksiiKrasnoshtanov240247/DataLabs/data/raw/Y2B_24/masks/Karna/train_Karna_231146_im3_seed_mask.tif
/home/y2b/2025-26b-fai2-adsai-OleksiiKrasnoshtanov240247/DataLabs/data/raw/Y2B_24/images/train_Karna_231146_im4.png,/home/y2b/2025-26b-fai2-adsai-OleksiiKrasnoshtanov240247/DataLabs/data/raw/Y2B_24/masks/Karna/train_Karna_231146_im4_root_mask.tif,/home/y2b/2025-26b-fai2-adsai-OleksiiKrasnoshtanov240247/DataLabs/data/raw/Y2B_24/masks/Karna/train_Karna_231146_im4_shoot_mask.tif,/home/y2b/2025-26b-fai2-adsai-OleksiiKrasnoshtanov240247/DataLabs/data/raw/Y2B_24/masks/Karna/train_Karna_231146_im4_seed_mask.tif
/home/y2b/2025-26b-fai2-adsai-OleksiiKrasnoshtanov240247/DataLabs/data/raw/Y2B_24/images/train_Karna_231146_im5.png,/home/y2b/2025-26b-fai2-adsai-OleksiiKrasnoshtanov240247/DataLabs/data/raw/Y2B_24/masks/Karna/train_Karna_231146_im5_root_mask.tif,/home/y2b/2025-26b-fai2-adsai-OleksiiKrasnoshtanov240247/DataLabs/data/raw/Y2B_24/masks/Karna/train_Karna_231146_im5_shoot_mask.tif,/home/y2b/2025-26b-fai2-adsai-OleksiiKrasnoshtanov240247/DataLabs/data/raw/Y2B_24/masks/Karna/train_Karna_231146_im5_seed_mask.tif
/home/y2b/2025-26b-fai2-adsai-OleksiiKrasnoshtanov240247/DataLabs/data/raw/Y2B_24/images/train_Karna_231849_im1.png,/home/y2b/2025-26b-fai2-adsai-OleksiiKrasnoshtanov240247/DataLabs/data/raw/Y2B_24/masks/Karna/train_Karna_231849_im1_root_mask.tif,/home/y2b/2025-26b-fai2-adsai-OleksiiKrasnoshtanov240247/DataLabs/data/raw/Y2B_24/masks/Karna/train_Karna_231849_im1_shoot_mask.tif,/home/y2b/2025-26b-fai2-adsai-OleksiiKrasnoshtanov240247/DataLabs/data/raw/Y2B_24/masks/Karna/train_Karna_231849_im1_seed_mask.tif
/home/y2b/2025-26b-fai2-adsai-OleksiiKrasnoshtanov240247/DataLabs/data/raw/Y2B_24/images/train_Karna_231849_im2.png,/home/y2b/2025-26b-fai2-adsai-OleksiiKrasnoshtanov240247/DataLabs/data/raw/Y2B_24/masks/Karna/train_Karna_231849_im2_root_mask.tif,/home/y2b/2025-26b-fai2-adsai-OleksiiKrasnoshtanov240247/DataLabs/data/raw/Y2B_24/masks/Karna/train_Karna_231849_im2_shoot_mask.tif,/home/y2b/2025-26b-fai2-adsai-OleksiiKrasnoshtanov240247/DataLabs/data/raw/Y2B_24/masks/Karna/train_Karna_231849_im2_seed_mask.tif
/home/y2b/2025-26b-fai2-adsai-OleksiiKrasnoshtanov240247/DataLabs/data/raw/Y2B_24/images/train_Karna_231849_im3.png,/home/y2b/2025-26b-fai2-adsai-OleksiiKrasnoshtanov240247/DataLabs/data/raw/Y2B_24/masks/Karna/train_Karna_231849_im3_root_mask.tif,/home/y2b/2025-26b-fai2-adsai-OleksiiKrasnoshtanov240247/DataLabs/data/raw/Y2B_24/masks/Karna/train_Karna_231849_im3_shoot_mask.tif,/home/y2b/2025-26b-fai2-adsai-OleksiiKrasnoshtanov240247/DataLabs/data/raw/Y2B_24/masks/Karna/train_Karna_231849_im3_seed_mask.tif
/home/y2b/2025-26b-fai2-adsai-OleksiiKrasnoshtanov240247/DataLabs/data/raw/Y2B_24/images/train_Karna_231849_im4.png,/home/y2b/2025-26b-fai2-adsai-OleksiiKrasnoshtanov240247/DataLabs/data/raw/Y2B_24/masks/Karna/train_Karna_231849_im4_root_mask.tif,/home/y2b/2025-26b-fai2-adsai-OleksiiKrasnoshtanov240247/DataLabs/data/raw/Y2B_24/masks/Karna/train_Karna_231849_im4_shoot_mask.tif,/home/y2b/2025-26b-fai2-adsai-OleksiiKrasnoshtanov240247/DataLabs/data/raw/Y2B_24/masks/Karna/train_Karna_231849_im4_seed_mask.tif
/home/y2b/2025-26b-fai2-adsai-OleksiiKrasnoshtanov240247/DataLabs/data/raw/Y2B_24/images/train_Karna_231849_im5.png,/home/y2b/2025-26b-fai2-adsai-OleksiiKrasnoshtanov240247/DataLabs/data/raw/Y2B_24/masks/Karna/train_Karna_231849_im5_root_mask.tif,/home/y2b/2025-26b-fai2-adsai-OleksiiKrasnoshtanov240247/DataLabs/data/raw/Y2B_24/masks/Karna/train_Karna_231849_im5_shoot_mask.tif,/home/y2b/2025-26b-fai2-adsai-OleksiiKrasnoshtanov240247/DataLabs/data/raw/Y2B_24/masks/Karna/train_Karna_231849_im5_seed_mask.tif
/home/y2b/2025-26b-fai2-adsai-OleksiiKrasnoshtanov240247/DataLabs/data/raw/Y2B_24/images/train_Karna_232230_im1.png,/home/y2b/2025-26b-fai2-adsai-OleksiiKrasnoshtanov240247/DataLabs/data/raw/Y2B_24/masks/Karna/train_Karna_232230_im1_root_mask.tif,/home/y2b/2025-26b-fai2-adsai-OleksiiKrasnoshtanov240247/DataLabs/data/raw/Y2B_24/masks/Karna/train_Karna_232230_im1_shoot_mask.tif,/home/y2b/2025-26b-fai2-adsai-OleksiiKrasnoshtanov240247/DataLabs/data/raw/Y2B_24/masks/Karna/train_Karna_232230_im1_seed_mask.tif
/home/y2b/2025-26b-fai2-adsai-OleksiiKrasnoshtanov240247/DataLabs/data/raw/Y2B_24/images/train_Karna_232230_im2.png,/home/y2b/2025-26b-fai2-adsai-OleksiiKrasnoshtanov240247/DataLabs/data/raw/Y2B_24/masks/Karna/train_Karna_232230_im2_root_mask.tif,/home/y2b/2025-26b-fai2-adsai-OleksiiKrasnoshtanov240247/DataLabs/data/raw/Y2B_24/masks/Karna/train_Karna_232230_im2_shoot_mask.tif,/home/y2b/2025-26b-fai2-adsai-OleksiiKrasnoshtanov240247/DataLabs/data/raw/Y2B_24/masks/Karna/train_Karna_232230_im2_seed_mask.tif
/home/y2b/2025-26b-fai2-adsai-OleksiiKrasnoshtanov240247/DataLabs/data/raw/Y2B_24/images/train_Karna_232230_im3.png,/home/y2b/2025-26b-fai2-adsai-OleksiiKrasnoshtanov240247/DataLabs/data/raw/Y2B_24/masks/Karna/train_Karna_232230_im3_root_mask.tif,/home/y2b/2025-26b-fai2-adsai-OleksiiKrasnoshtanov240247/DataLabs/data/raw/Y2B_24/masks/Karna/train_Karna_232230_im3_shoot_mask.tif,/home/y2b/2025-26b-fai2-adsai-OleksiiKrasnoshtanov240247/DataLabs/data/raw/Y2B_24/masks/Karna/train_Karna_232230_im3_seed_mask.tif
/home/y2b/2025-26b-fai2-adsai-OleksiiKrasnoshtanov240247/DataLabs/data/raw/Y2B_24/images/train_Karna_232230_im4.png,/home/y2b/2025-26b-fai2-adsai-OleksiiKrasnoshtanov240247/DataLabs/data/raw/Y2B_24/masks/Karna/train_Karna_232230_im4_root_mask.tif,/home/y2b/2025-26b-fai2-adsai-OleksiiKrasnoshtanov240247/DataLabs/data/raw/Y2B_24/masks/Karna/train_Karna_232230_im4_shoot_mask.tif,/home/y2b/2025-26b-fai2-adsai-OleksiiKrasnoshtanov240247/DataLabs/data/raw/Y2B_24/masks/Karna/train_Karna_232230_im4_seed_mask.tif
/home/y2b/2025-26b-fai2-adsai-OleksiiKrasnoshtanov240247/DataLabs/data/raw/Y2B_24/images/train_Karna_232230_im5.png,/home/y2b/2025-26b-fai2-adsai-OleksiiKrasnoshtanov240247/DataLabs/data/raw/Y2B_24/masks/Karna/train_Karna_232230_im5_root_mask.tif,/home/y2b/2025-26b-fai2-adsai-OleksiiKrasnoshtanov240247/DataLabs/data/raw/Y2B_24/masks/Karna/train_Karna_232230_im5_shoot_mask.tif,/home/y2b/2025-26b-fai2-adsai-OleksiiKrasnoshtanov240247/DataLabs/data/raw/Y2B_24/masks/Karna/train_Karna_232230_im5_seed_mask.tif
/home/y2b/2025-26b-fai2-adsai-OleksiiKrasnoshtanov240247/DataLabs/data/raw/Y2B_24/images/train_Karna_232567_im1.png,/home/y2b/2025-26b-fai2-adsai-OleksiiKrasnoshtanov240247/DataLabs/data/raw/Y2B_24/masks/Karna/train_Karna_232567_im1_root_mask.tif,/home/y2b/2025-26b-fai2-adsai-OleksiiKrasnoshtanov240247/DataLabs/data/raw/Y2B_24/masks/Karna/train_Karna_232567_im1_shoot_mask.tif,/home/y2b/2025-26b-fai2-adsai-OleksiiKrasnoshtanov240247/DataLabs/data/raw/Y2B_24/masks/Karna/train_Karna_232567_im1_seed_mask.tif
/home/y2b/2025-26b-fai2-adsai-OleksiiKrasnoshtanov240247/DataLabs/data/raw/Y2B_24/images/train_Karna_232567_im2.png,/home/y2b/2025-26b-fai2-adsai-OleksiiKrasnoshtanov240247/DataLabs/data/raw/Y2B_24/masks/Karna/train_Karna_232567_im2_root_mask.tif,/home/y2b/2025-26b-fai2-adsai-OleksiiKrasnoshtanov240247/DataLabs/data/raw/Y2B_24/masks/Karna/train_Karna_232567_im2_shoot_mask.tif,/home/y2b/2025-26b-fai2-adsai-OleksiiKrasnoshtanov240247/DataLabs/data/raw/Y2B_24/masks/Karna/train_Karna_232567_im2_seed_mask.tif
/home/y2b/2025-26b-fai2-adsai-OleksiiKrasnoshtanov240247/DataLabs/data/raw/Y2B_24/images/train_Karna_232567_im3.png,/home/y2b/2025-26b-fai2-adsai-OleksiiKrasnoshtanov240247/DataLabs/data/raw/Y2B_24/masks/Karna/train_Karna_232567_im3_root_mask.tif,/home/y2b/2025-26b-fai2-adsai-OleksiiKrasnoshtanov240247/DataLabs/data/raw/Y2B_24/masks/Karna/train_Karna_232567_im3_shoot_mask.tif,/home/y2b/2025-26b-fai2-adsai-OleksiiKrasnoshtanov240247/DataLabs/data/raw/Y2B_24/masks/Karna/train_Karna_232567_im3_seed_mask.tif
/home/y2b/2025-26b-fai2-adsai-OleksiiKrasnoshtanov240247/DataLabs/data/raw/Y2B_24/images/train_Karna_232567_im4.png,/home/y2b/2025-26b-fai2-adsai-OleksiiKrasnoshtanov240247/DataLabs/data/raw/Y2B_24/masks/Karna/train_Karna_232567_im4_root_mask.tif,/home/y2b/2025-26b-fai2-adsai-OleksiiKrasnoshtanov240247/DataLabs/data/raw/Y2B_24/masks/Karna/train_Karna_232567_im4_shoot_mask.tif,/home/y2b/2025-26b-fai2-adsai-OleksiiKrasnoshtanov240247/DataLabs/data/raw/Y2B_24/masks/Karna/train_Karna_232567_im4_seed_mask.tif
/home/y2b/2025-26b-fai2-adsai-OleksiiKrasnoshtanov240247/DataLabs/data/raw/Y2B_24/images/train_Karna_232567_im5.png,/home/y2b/2025-26b-fai2-adsai-OleksiiKrasnoshtanov240247/DataLabs/data/raw/Y2B_24/masks/Karna/train_Karna_232567_im5_root_mask.tif,/home/y2b/2025-26b-fai2-adsai-OleksiiKrasnoshtanov240247/DataLabs/data/raw/Y2B_24/masks/Karna/train_Karna_232567_im5_shoot_mask.tif,/home/y2b/2025-26b-fai2-adsai-OleksiiKrasnoshtanov240247/DataLabs/data/raw/Y2B_24/masks/Karna/train_Karna_232567_im5_seed_mask.tif
/home/y2b/2025-26b-fai2-adsai-OleksiiKrasnoshtanov240247/DataLabs/data/raw/Y2B_24/images/train_Karna_232753_im1.png,/home/y2b/2025-26b-fai2-adsai-OleksiiKrasnoshtanov240247/DataLabs/data/raw/Y2B_24/masks/Karna/train_Karna_232753_im1_root_mask.tif,/home/y2b/2025-26b-fai2-adsai-OleksiiKrasnoshtanov240247/DataLabs/data/raw/Y2B_24/masks/Karna/train_Karna_232753_im1_shoot_mask.tif,/home/y2b/2025-26b-fai2-adsai-OleksiiKrasnoshtanov240247/DataLabs/data/raw/Y2B_24/masks/Karna/train_Karna_232753_im1_seed_mask.tif
/home/y2b/2025-26b-fai2-adsai-OleksiiKrasnoshtanov240247/DataLabs/data/raw/Y2B_24/images/train_Karna_232753_im2.png,/home/y2b/2025-26b-fai2-adsai-OleksiiKrasnoshtanov240247/DataLabs/data/raw/Y2B_24/masks/Karna/train_Karna_232753_im2_root_mask.tif,/home/y2b/2025-26b-fai2-adsai-OleksiiKrasnoshtanov240247/DataLabs/data/raw/Y2B_24/masks/Karna/train_Karna_232753_im2_shoot_mask.tif,/home/y2b/2025-26b-fai2-adsai-OleksiiKrasnoshtanov240247/DataLabs/data/raw/Y2B_24/masks/Karna/train_Karna_232753_im2_seed_mask.tif
/home/y2b/2025-26b-fai2-adsai-OleksiiKrasnoshtanov240247/DataLabs/data/raw/Y2B_24/images/train_Karna_232753_im3.png,/home/y2b/2025-26b-fai2-adsai-OleksiiKrasnoshtanov240247/DataLabs/data/raw/Y2B_24/masks/Karna/train_Karna_232753_im3_root_mask.tif,/home/y2b/2025-26b-fai2-adsai-OleksiiKrasnoshtanov240247/DataLabs/data/raw/Y2B_24/masks/Karna/train_Karna_232753_im3_shoot_mask.tif,/home/y2b/2025-26b-fai2-adsai-OleksiiKrasnoshtanov240247/DataLabs/data/raw/Y2B_24/masks/Karna/train_Karna_232753_im3_seed_mask.tif
/home/y2b/2025-26b-fai2-adsai-OleksiiKrasnoshtanov240247/DataLabs/data/raw/Y2B_24/images/train_Karna_232753_im4.png,/home/y2b/2025-26b-fai2-adsai-OleksiiKrasnoshtanov240247/DataLabs/data/raw/Y2B_24/masks/Karna/train_Karna_232753_im4_root_mask.tif,/home/y2b/2025-26b-fai2-adsai-OleksiiKrasnoshtanov240247/DataLabs/data/raw/Y2B_24/masks/Karna/train_Karna_232753_im4_shoot_mask.tif,/home/y2b/2025-26b-fai2-adsai-OleksiiKrasnoshtanov240247/DataLabs/data/raw/Y2B_24/masks/Karna/train_Karna_232753_im4_seed_mask.tif
/home/y2b/2025-26b-fai2-adsai-OleksiiKrasnoshtanov240247/DataLabs/data/raw/Y2B_24/images/train_Karna_232753_im5.png,/home/y2b/2025-26b-fai2-adsai-OleksiiKrasnoshtanov240247/DataLabs/data/raw/Y2B_24/masks/Karna/train_Karna_232753_im5_root_mask.tif,/home/y2b/2025-26b-fai2-adsai-OleksiiKrasnoshtanov240247/DataLabs/data/raw/Y2B_24/masks/Karna/train_Karna_232753_im5_shoot_mask.tif,/home/y2b/2025-26b-fai2-adsai-OleksiiKrasnoshtanov240247/DataLabs/data/raw/Y2B_24/masks/Karna/train_Karna_232753_im5_seed_mask.tif
/home/y2b/2025-26b-fai2-adsai-OleksiiKrasnoshtanov240247/DataLabs/data/raw/Y2B_24/images/train_Karna_232926_im1.png,/home/y2b/2025-26b-fai2-adsai-OleksiiKrasnoshtanov240247/DataLabs/data/raw/Y2B_24/masks/Karna/train_Karna_232926_im1_root_mask.tif,/home/y2b/2025-26b-fai2-adsai-OleksiiKrasnoshtanov240247/DataLabs/data/raw/Y2B_24/masks/Karna/train_Karna_232926_im1_shoot_mask.tif,/home/y2b/2025-26b-fai2-adsai-OleksiiKrasnoshtanov240247/DataLabs/data/raw/Y2B_24/masks/Karna/train_Karna_232926_im1_seed_mask.tif
/home/y2b/2025-26b-fai2-adsai-OleksiiKrasnoshtanov240247/DataLabs/data/raw/Y2B_24/images/train_Karna_232926_im2.png,/home/y2b/2025-26b-fai2-adsai-OleksiiKrasnoshtanov240247/DataLabs/data/raw/Y2B_24/masks/Karna/train_Karna_232926_im2_root_mask.tif,/home/y2b/2025-26b-fai2-adsai-OleksiiKrasnoshtanov240247/DataLabs/data/raw/Y2B_24/masks/Karna/train_Karna_232926_im2_shoot_mask.tif,/home/y2b/2025-26b-fai2-adsai-OleksiiKrasnoshtanov240247/DataLabs/data/raw/Y2B_24/masks/Karna/train_Karna_232926_im2_seed_mask.tif
/home/y2b/2025-26b-fai2-adsai-OleksiiKrasnoshtanov240247/DataLabs/data/raw/Y2B_24/images/train_Karna_232926_im3.png,/home/y2b/2025-26b-fai2-adsai-OleksiiKrasnoshtanov240247/DataLabs/data/raw/Y2B_24/masks/Karna/train_Karna_232926_im3_root_mask.tif,/home/y2b/2025-26b-fai2-adsai-OleksiiKrasnoshtanov240247/DataLabs/data/raw/Y2B_24/masks/Karna/train_Karna_232926_im3_shoot_mask.tif,/home/y2b/2025-26b-fai2-adsai-OleksiiKrasnoshtanov240247/DataLabs/data/raw/Y2B_24/masks/Karna/train_Karna_232926_im3_seed_mask.tif
/home/y2b/2025-26b-fai2-adsai-OleksiiKrasnoshtanov240247/DataLabs/data/raw/Y2B_24/images/train_Karna_232926_im4.png,/home/y2b/2025-26b-fai2-adsai-OleksiiKrasnoshtanov240247/DataLabs/data/raw/Y2B_24/masks/Karna/train_Karna_232926_im4_root_mask.tif,/home/y2b/2025-26b-fai2-adsai-OleksiiKrasnoshtanov240247/DataLabs/data/raw/Y2B_24/masks/Karna/train_Karna_232926_im4_shoot_mask.tif,/home/y2b/2025-26b-fai2-adsai-OleksiiKrasnoshtanov240247/DataLabs/data/raw/Y2B_24/masks/Karna/train_Karna_232926_im4_seed_mask.tif
/home/y2b/2025-26b-fai2-adsai-OleksiiKrasnoshtanov240247/DataLabs/data/raw/Y2B_24/images/train_Karna_232926_im5.png,/home/y2b/2025-26b-fai2-adsai-OleksiiKrasnoshtanov240247/DataLabs/data/raw/Y2B_24/masks/Karna/train_Karna_232926_im5_root_mask.tif,/home/y2b/2025-26b-fai2-adsai-OleksiiKrasnoshtanov240247/DataLabs/data/raw/Y2B_24/masks/Karna/train_Karna_232926_im5_shoot_mask.tif,/home/y2b/2025-26b-fai2-adsai-OleksiiKrasnoshtanov240247/DataLabs/data/raw/Y2B_24/masks/Karna/train_Karna_232926_im5_seed_mask.tif
/home/y2b/2025-26b-fai2-adsai-OleksiiKrasnoshtanov240247/DataLabs/data/raw/Y2B_24/images/train_Karna_233096_im1.png,/home/y2b/2025-26b-fai2-adsai-OleksiiKrasnoshtanov240247/DataLabs/data/raw/Y2B_24/masks/Karna/train_Karna_233096_im1_root_mask.tif,/home/y2b/2025-26b-fai2-adsai-OleksiiKrasnoshtanov240247/DataLabs/data/raw/Y2B_24/masks/Karna/train_Karna_233096_im1_shoot_mask.tif,/home/y2b/2025-26b-fai2-adsai-OleksiiKrasnoshtanov240247/DataLabs/data/raw/Y2B_24/masks/Karna/train_Karna_233096_im1_seed_mask.tif
/home/y2b/2025-26b-fai2-adsai-OleksiiKrasnoshtanov240247/DataLabs/data/raw/Y2B_24/images/train_Karna_233096_im2.png,/home/y2b/2025-26b-fai2-adsai-OleksiiKrasnoshtanov240247/DataLabs/data/raw/Y2B_24/masks/Karna/train_Karna_233096_im2_root_mask.tif,/home/y2b/2025-26b-fai2-adsai-OleksiiKrasnoshtanov240247/DataLabs/data/raw/Y2B_24/masks/Karna/train_Karna_233096_im2_shoot_mask.tif,/home/y2b/2025-26b-fai2-adsai-OleksiiKrasnoshtanov240247/DataLabs/data/raw/Y2B_24/masks/Karna/train_Karna_233096_im2_seed_mask.tif
/home/y2b/2025-26b-fai2-adsai-OleksiiKrasnoshtanov240247/DataLabs/data/raw/Y2B_24/images/train_Karna_233096_im3.png,/home/y2b/2025-26b-fai2-adsai-OleksiiKrasnoshtanov240247/DataLabs/data/raw/Y2B_24/masks/Karna/train_Karna_233096_im3_root_mask.tif,/home/y2b/2025-26b-fai2-adsai-OleksiiKrasnoshtanov240247/DataLabs/data/raw/Y2B_24/masks/Karna/train_Karna_233096_im3_shoot_mask.tif,/home/y2b/2025-26b-fai2-adsai-OleksiiKrasnoshtanov240247/DataLabs/data/raw/Y2B_24/masks/Karna/train_Karna_233096_im3_seed_mask.tif
/home/y2b/2025-26b-fai2-adsai-OleksiiKrasnoshtanov240247/DataLabs/data/raw/Y2B_24/images/train_Karna_233096_im4.png,/home/y2b/2025-26b-fai2-adsai-OleksiiKrasnoshtanov240247/DataLabs/data/raw/Y2B_24/masks/Karna/train_Karna_233096_im4_root_mask.tif,/home/y2b/2025-26b-fai2-adsai-OleksiiKrasnoshtanov240247/DataLabs/data/raw/Y2B_24/masks/Karna/train_Karna_233096_im4_shoot_mask.tif,/home/y2b/2025-26b-fai2-adsai-OleksiiKrasnoshtanov240247/DataLabs/data/raw/Y2B_24/masks/Karna/train_Karna_233096_im4_seed_mask.tif
/home/y2b/2025-26b-fai2-adsai-OleksiiKrasnoshtanov240247/DataLabs/data/raw/Y2B_24/images/train_Karna_233096_im5.png,/home/y2b/2025-26b-fai2-adsai-OleksiiKrasnoshtanov240247/DataLabs/data/raw/Y2B_24/masks/Karna/train_Karna_233096_im5_root_mask.tif,/home/y2b/2025-26b-fai2-adsai-OleksiiKrasnoshtanov240247/DataLabs/data/raw/Y2B_24/masks/Karna/train_Karna_233096_im5_shoot_mask.tif,/home/y2b/2025-26b-fai2-adsai-OleksiiKrasnoshtanov240247/DataLabs/data/raw/Y2B_24/masks/Karna/train_Karna_233096_im5_seed_mask.tif
/home/y2b/2025-26b-fai2-adsai-OleksiiKrasnoshtanov240247/DataLabs/data/raw/Y2B_24/images/train_Karna_234240_im1.png,/home/y2b/2025-26b-fai2-adsai-OleksiiKrasnoshtanov240247/DataLabs/data/raw/Y2B_24/masks/Karna/train_Karna_234240_im1_root_mask.tif,/home/y2b/2025-26b-fai2-adsai-OleksiiKrasnoshtanov240247/DataLabs/data/raw/Y2B_24/masks/Karna/train_Karna_234240_im1_shoot_mask.tif,/home/y2b/2025-26b-fai2-adsai-OleksiiKrasnoshtanov240247/DataLabs/data/raw/Y2B_24/masks/Karna/train_Karna_234240_im1_seed_mask.tif
/home/y2b/2025-26b-fai2-adsai-OleksiiKrasnoshtanov240247/DataLabs/data/raw/Y2B_24/images/train_Karna_234240_im2.png,/home/y2b/2025-26b-fai2-adsai-OleksiiKrasnoshtanov240247/DataLabs/data/raw/Y2B_24/masks/Karna/train_Karna_234240_im2_root_mask.tif,/home/y2b/2025-26b-fai2-adsai-OleksiiKrasnoshtanov240247/DataLabs/data/raw/Y2B_24/masks/Karna/train_Karna_234240_im2_shoot_mask.tif,/home/y2b/2025-26b-fai2-adsai-OleksiiKrasnoshtanov240247/DataLabs/data/raw/Y2B_24/masks/Karna/train_Karna_234240_im2_seed_mask.tif
/home/y2b/2025-26b-fai2-adsai-OleksiiKrasnoshtanov240247/DataLabs/data/raw/Y2B_24/images/train_Karna_234240_im3.png,/home/y2b/2025-26b-fai2-adsai-OleksiiKrasnoshtanov240247/DataLabs/data/raw/Y2B_24/masks/Karna/train_Karna_234240_im3_root_mask.tif,/home/y2b/2025-26b-fai2-adsai-OleksiiKrasnoshtanov240247/DataLabs/data/raw/Y2B_24/masks/Karna/train_Karna_234240_im3_shoot_mask.tif,/home/y2b/2025-26b-fai2-adsai-OleksiiKrasnoshtanov240247/DataLabs/data/raw/Y2B_24/masks/Karna/train_Karna_234240_im3_seed_mask.tif
/home/y2b/2025-26b-fai2-adsai-OleksiiKrasnoshtanov240247/DataLabs/data/raw/Y2B_24/images/train_Karna_234240_im4.png,/home/y2b/2025-26b-fai2-adsai-OleksiiKrasnoshtanov240247/DataLabs/data/raw/Y2B_24/masks/Karna/train_Karna_234240_im4_root_mask.tif,/home/y2b/2025-26b-fai2-adsai-OleksiiKrasnoshtanov240247/DataLabs/data/raw/Y2B_24/masks/Karna/train_Karna_234240_im4_shoot_mask.tif,/home/y2b/2025-26b-fai2-adsai-OleksiiKrasnoshtanov240247/DataLabs/data/raw/Y2B_24/masks/Karna/train_Karna_234240_im4_seed_mask.tif
/home/y2b/2025-26b-fai2-adsai-OleksiiKrasnoshtanov240247/DataLabs/data/raw/Y2B_24/images/train_Karna_234240_im5.png,/home/y2b/2025-26b-fai2-adsai-OleksiiKrasnoshtanov240247/DataLabs/data/raw/Y2B_24/masks/Karna/train_Karna_234240_im5_root_mask.tif,/home/y2b/2025-26b-fai2-adsai-OleksiiKrasnoshtanov240247/DataLabs/data/raw/Y2B_24/masks/Karna/train_Karna_234240_im5_shoot_mask.tif,/home/y2b/2025-26b-fai2-adsai-OleksiiKrasnoshtanov240247/DataLabs/data/raw/Y2B_24/masks/Karna/train_Karna_234240_im5_seed_mask.tif
/home/y2b/2025-26b-fai2-adsai-OleksiiKrasnoshtanov240247/DataLabs/data/raw/Y2B_24/images/train_Karna_234908_im1.png,/home/y2b/2025-26b-fai2-adsai-OleksiiKrasnoshtanov240247/DataLabs/data/raw/Y2B_24/masks/Karna/train_Karna_234908_im1_root_mask.tif,/home/y2b/2025-26b-fai2-adsai-OleksiiKrasnoshtanov240247/DataLabs/data/raw/Y2B_24/masks/Karna/train_Karna_234908_im1_shoot_mask.tif,/home/y2b/2025-26b-fai2-adsai-OleksiiKrasnoshtanov240247/DataLabs/data/raw/Y2B_24/masks/Karna/train_Karna_234908_im1_seed_mask.tif
/home/y2b/2025-26b-fai2-adsai-OleksiiKrasnoshtanov240247/DataLabs/data/raw/Y2B_24/images/train_Karna_234908_im2.png,/home/y2b/2025-26b-fai2-adsai-OleksiiKrasnoshtanov240247/DataLabs/data/raw/Y2B_24/masks/Karna/train_Karna_234908_im2_root_mask.tif,/home/y2b/2025-26b-fai2-adsai-OleksiiKrasnoshtanov240247/DataLabs/data/raw/Y2B_24/masks/Karna/train_Karna_234908_im2_shoot_mask.tif,/home/y2b/2025-26b-fai2-adsai-OleksiiKrasnoshtanov240247/DataLabs/data/raw/Y2B_24/masks/Karna/train_Karna_234908_im2_seed_mask.tif
/home/y2b/2025-26b-fai2-adsai-OleksiiKrasnoshtanov240247/DataLabs/data/raw/Y2B_24/images/train_Karna_234908_im3.png,/home/y2b/2025-26b-fai2-adsai-OleksiiKrasnoshtanov240247/DataLabs/data/raw/Y2B_24/masks/Karna/train_Karna_234908_im3_root_mask.tif,/home/y2b/2025-26b-fai2-adsai-OleksiiKrasnoshtanov240247/DataLabs/data/raw/Y2B_24/masks/Karna/train_Karna_234908_im3_shoot_mask.tif,/home/y2b/2025-26b-fai2-adsai-OleksiiKrasnoshtanov240247/DataLabs/data/raw/Y2B_24/masks/Karna/train_Karna_234908_im3_seed_mask.tif
/home/y2b/2025-26b-fai2-adsai-OleksiiKrasnoshtanov240247/DataLabs/data/raw/Y2B_24/images/train_Karna_234908_im4.png,/home/y2b/2025-26b-fai2-adsai-OleksiiKrasnoshtanov240247/DataLabs/data/raw/Y2B_24/masks/Karna/train_Karna_234908_im4_root_mask.tif,/home/y2b/2025-26b-fai2-adsai-OleksiiKrasnoshtanov240247/DataLabs/data/raw/Y2B_24/masks/Karna/train_Karna_234908_im4_shoot_mask.tif,/home/y2b/2025-26b-fai2-adsai-OleksiiKrasnoshtanov240247/DataLabs/data/raw/Y2B_24/masks/Karna/train_Karna_234908_im4_seed_mask.tif
/home/y2b/2025-26b-fai2-adsai-OleksiiKrasnoshtanov240247/DataLabs/data/raw/Y2B_24/images/train_Karna_234908_im5.png,/home/y2b/2025-26b-fai2-adsai-OleksiiKrasnoshtanov240247/DataLabs/data/raw/Y2B_24/masks/Karna/train_Karna_234908_im5_root_mask.tif,/home/y2b/2025-26b-fai2-adsai-OleksiiKrasnoshtanov240247/DataLabs/data/raw/Y2B_24/masks/Karna/train_Karna_234908_im5_shoot_mask.tif,/home/y2b/2025-26b-fai2-adsai-OleksiiKrasnoshtanov240247/DataLabs/data/raw/Y2B_24/masks/Karna/train_Karna_234908_im5_seed_mask.tif
/home/y2b/2025-26b-fai2-adsai-OleksiiKrasnoshtanov240247/DataLabs/data/raw/Y2B_24/images/train_Karna_236495_im1.png,FALSE,FALSE,FALSE
/home/y2b/2025-26b-fai2-adsai-OleksiiKrasnoshtanov240247/DataLabs/data/raw/Y2B_24/images/train_Karna_236495_im2.png,FALSE,FALSE,FALSE
/home/y2b/2025-26b-fai2-adsai-OleksiiKrasnoshtanov240247/DataLabs/data/raw/Y2B_24/images/train_Karna_236495_im3.png,FALSE,FALSE,FALSE
/home/y2b/2025-26b-fai2-adsai-OleksiiKrasnoshtanov240247/DataLabs/data/raw/Y2B_24/images/train_Karna_236495_im4.png,FALSE,FALSE,FALSE
/home/y2b/2025-26b-fai2-adsai-OleksiiKrasnoshtanov240247/DataLabs/data/raw/Y2B_24/images/train_Karna_236495_im5.png,FALSE,FALSE,FALSE
/home/y2b/2025-26b-fai2-adsai-OleksiiKrasnoshtanov240247/DataLabs/data/raw/Y2B_24/images/train_Shival_211066_im1.png,/home/y2b/2025-26b-fai2-adsai-OleksiiKrasnoshtanov240247/DataLabs/data/raw/Y2B_24/masks/Shival/train_Shival_211066_im1_root_mask.tif,/home/y2b/2025-26b-fai2-adsai-OleksiiKrasnoshtanov240247/DataLabs/data/raw/Y2B_24/masks/Shival/train_Shival_211066_im1_shoot_mask.tif,/home/y2b/2025-26b-fai2-adsai-OleksiiKrasnoshtanov240247/DataLabs/data/raw/Y2B_24/masks/Shival/train_Shival_211066_im1_seed_mask.tif
/home/y2b/2025-26b-fai2-adsai-OleksiiKrasnoshtanov240247/DataLabs/data/raw/Y2B_24/images/train_Shival_211066_im2.png,/home/y2b/2025-26b-fai2-adsai-OleksiiKrasnoshtanov240247/DataLabs/data/raw/Y2B_24/masks/Shival/train_Shival_211066_im2_root_mask.tif,/home/y2b/2025-26b-fai2-adsai-OleksiiKrasnoshtanov240247/DataLabs/data/raw/Y2B_24/masks/Shival/train_Shival_211066_im2_shoot_mask.tif,/home/y2b/2025-26b-fai2-adsai-OleksiiKrasnoshtanov240247/DataLabs/data/raw/Y2B_24/masks/Shival/train_Shival_211066_im2_seed_mask.tif
/home/y2b/2025-26b-fai2-adsai-OleksiiKrasnoshtanov240247/DataLabs/data/raw/Y2B_24/images/train_Shival_211066_im3.png,/home/y2b/2025-26b-fai2-adsai-OleksiiKrasnoshtanov240247/DataLabs/data/raw/Y2B_24/masks/Shival/train_Shival_211066_im3_root_mask.tif,/home/y2b/2025-26b-fai2-adsai-OleksiiKrasnoshtanov240247/DataLabs/data/raw/Y2B_24/masks/Shival/train_Shival_211066_im3_shoot_mask.tif,/home/y2b/2025-26b-fai2-adsai-OleksiiKrasnoshtanov240247/DataLabs/data/raw/Y2B_24/masks/Shival/train_Shival_211066_im3_seed_mask.tif
/home/y2b/2025-26b-fai2-adsai-OleksiiKrasnoshtanov240247/DataLabs/data/raw/Y2B_24/images/train_Shival_211066_im4.png,/home/y2b/2025-26b-fai2-adsai-OleksiiKrasnoshtanov240247/DataLabs/data/raw/Y2B_24/masks/Shival/train_Shival_211066_im4_root_mask.tif,/home/y2b/2025-26b-fai2-adsai-OleksiiKrasnoshtanov240247/DataLabs/data/raw/Y2B_24/masks/Shival/train_Shival_211066_im4_shoot_mask.tif,/home/y2b/2025-26b-fai2-adsai-OleksiiKrasnoshtanov240247/DataLabs/data/raw/Y2B_24/masks/Shival/train_Shival_211066_im4_seed_mask.tif
/home/y2b/2025-26b-fai2-adsai-OleksiiKrasnoshtanov240247/DataLabs/data/raw/Y2B_24/images/train_Shival_211066_im5.png,/home/y2b/2025-26b-fai2-adsai-OleksiiKrasnoshtanov240247/DataLabs/data/raw/Y2B_24/masks/Shival/train_Shival_211066_im5_root_mask.tif,/home/y2b/2025-26b-fai2-adsai-OleksiiKrasnoshtanov240247/DataLabs/data/raw/Y2B_24/masks/Shival/train_Shival_211066_im5_shoot_mask.tif,/home/y2b/2025-26b-fai2-adsai-OleksiiKrasnoshtanov240247/DataLabs/data/raw/Y2B_24/masks/Shival/train_Shival_211066_im5_seed_mask.tif
/home/y2b/2025-26b-fai2-adsai-OleksiiKrasnoshtanov240247/DataLabs/data/raw/Y2B_24/images/train_Shival_230036_im1.png,/home/y2b/2025-26b-fai2-adsai-OleksiiKrasnoshtanov240247/DataLabs/data/raw/Y2B_24/masks/Shival/train_Shival_230036_im1_root_mask.tif,/home/y2b/2025-26b-fai2-adsai-OleksiiKrasnoshtanov240247/DataLabs/data/raw/Y2B_24/masks/Shival/train_Shival_230036_im1_shoot_mask.tif,/home/y2b/2025-26b-fai2-adsai-OleksiiKrasnoshtanov240247/DataLabs/data/raw/Y2B_24/masks/Shival/train_Shival_230036_im1_seed_mask.tif
/home/y2b/2025-26b-fai2-adsai-OleksiiKrasnoshtanov240247/DataLabs/data/raw/Y2B_24/images/train_Shival_230036_im2.png,/home/y2b/2025-26b-fai2-adsai-OleksiiKrasnoshtanov240247/DataLabs/data/raw/Y2B_24/masks/Shival/train_Shival_230036_im2_root_mask.tif,/home/y2b/2025-26b-fai2-adsai-OleksiiKrasnoshtanov240247/DataLabs/data/raw/Y2B_24/masks/Shival/train_Shival_230036_im2_shoot_mask.tif,/home/y2b/2025-26b-fai2-adsai-OleksiiKrasnoshtanov240247/DataLabs/data/raw/Y2B_24/masks/Shival/train_Shival_230036_im2_seed_mask.tif
/home/y2b/2025-26b-fai2-adsai-OleksiiKrasnoshtanov240247/DataLabs/data/raw/Y2B_24/images/train_Shival_230036_im3.png,/home/y2b/2025-26b-fai2-adsai-OleksiiKrasnoshtanov240247/DataLabs/data/raw/Y2B_24/masks/Shival/train_Shival_230036_im3_root_mask.tif,/home/y2b/2025-26b-fai2-adsai-OleksiiKrasnoshtanov240247/DataLabs/data/raw/Y2B_24/masks/Shival/train_Shival_230036_im3_shoot_mask.tif,/home/y2b/2025-26b-fai2-adsai-OleksiiKrasnoshtanov240247/DataLabs/data/raw/Y2B_24/masks/Shival/train_Shival_230036_im3_seed_mask.tif
/home/y2b/2025-26b-fai2-adsai-OleksiiKrasnoshtanov240247/DataLabs/data/raw/Y2B_24/images/train_Shival_230036_im4.png,/home/y2b/2025-26b-fai2-adsai-OleksiiKrasnoshtanov240247/DataLabs/data/raw/Y2B_24/masks/Shival/train_Shival_230036_im4_root_mask.tif,/home/y2b/2025-26b-fai2-adsai-OleksiiKrasnoshtanov240247/DataLabs/data/raw/Y2B_24/masks/Shival/train_Shival_230036_im4_shoot_mask.tif,/home/y2b/2025-26b-fai2-adsai-OleksiiKrasnoshtanov240247/DataLabs/data/raw/Y2B_24/masks/Shival/train_Shival_230036_im4_seed_mask.tif
/home/y2b/2025-26b-fai2-adsai-OleksiiKrasnoshtanov240247/DataLabs/data/raw/Y2B_24/images/train_Shival_230036_im5.png,/home/y2b/2025-26b-fai2-adsai-OleksiiKrasnoshtanov240247/DataLabs/data/raw/Y2B_24/masks/Shival/train_Shival_230036_im5_root_mask.tif,/home/y2b/2025-26b-fai2-adsai-OleksiiKrasnoshtanov240247/DataLabs/data/raw/Y2B_24/masks/Shival/train_Shival_230036_im5_shoot_mask.tif,/home/y2b/2025-26b-fai2-adsai-OleksiiKrasnoshtanov240247/DataLabs/data/raw/Y2B_24/masks/Shival/train_Shival_230036_im5_seed_mask.tif
/home/y2b/2025-26b-fai2-adsai-OleksiiKrasnoshtanov240247/DataLabs/data/raw/Y2B_24/images/train_Shival_230306_im1.png,FALSE,FALSE,FALSE
/home/y2b/2025-26b-fai2-adsai-OleksiiKrasnoshtanov240247/DataLabs/data/raw/Y2B_24/images/train_Shival_230306_im2.png,FALSE,FALSE,FALSE
/home/y2b/2025-26b-fai2-adsai-OleksiiKrasnoshtanov240247/DataLabs/data/raw/Y2B_24/images/train_Shival_230306_im3.png,FALSE,FALSE,FALSE
/home/y2b/2025-26b-fai2-adsai-OleksiiKrasnoshtanov240247/DataLabs/data/raw/Y2B_24/images/train_Shival_230306_im4.png,FALSE,FALSE,FALSE
/home/y2b/2025-26b-fai2-adsai-OleksiiKrasnoshtanov240247/DataLabs/data/raw/Y2B_24/images/train_Shival_230306_im5.png,FALSE,FALSE,FALSE
/home/y2b/2025-26b-fai2-adsai-OleksiiKrasnoshtanov240247/DataLabs/data/raw/Y2B_24/images/train_Shival_231007_im1.png,/home/y2b/2025-26b-fai2-adsai-OleksiiKrasnoshtanov240247/DataLabs/data/raw/Y2B_24/masks/Shival/train_Shival_231007_im1_root_mask.tif,/home/y2b/2025-26b-fai2-adsai-OleksiiKrasnoshtanov240247/DataLabs/data/raw/Y2B_24/masks/Shival/train_Shival_231007_im1_shoot_mask.tif,/home/y2b/2025-26b-fai2-adsai-OleksiiKrasnoshtanov240247/DataLabs/data/raw/Y2B_24/masks/Shival/train_Shival_231007_im1_seed_mask.tif
/home/y2b/2025-26b-fai2-adsai-OleksiiKrasnoshtanov240247/DataLabs/data/raw/Y2B_24/images/train_Shival_231007_im2.png,/home/y2b/2025-26b-fai2-adsai-OleksiiKrasnoshtanov240247/DataLabs/data/raw/Y2B_24/masks/Shival/train_Shival_231007_im2_root_mask.tif,/home/y2b/2025-26b-fai2-adsai-OleksiiKrasnoshtanov240247/DataLabs/data/raw/Y2B_24/masks/Shival/train_Shival_231007_im2_shoot_mask.tif,/home/y2b/2025-26b-fai2-adsai-OleksiiKrasnoshtanov240247/DataLabs/data/raw/Y2B_24/masks/Shival/train_Shival_231007_im2_seed_mask.tif
/home/y2b/2025-26b-fai2-adsai-OleksiiKrasnoshtanov240247/DataLabs/data/raw/Y2B_24/images/train_Shival_231007_im3.png,/home/y2b/2025-26b-fai2-adsai-OleksiiKrasnoshtanov240247/DataLabs/data/raw/Y2B_24/masks/Shival/train_Shival_231007_im3_root_mask.tif,/home/y2b/2025-26b-fai2-adsai-OleksiiKrasnoshtanov240247/DataLabs/data/raw/Y2B_24/masks/Shival/train_Shival_231007_im3_shoot_mask.tif,/home/y2b/2025-26b-fai2-adsai-OleksiiKrasnoshtanov240247/DataLabs/data/raw/Y2B_24/masks/Shival/train_Shival_231007_im3_seed_mask.tif
/home/y2b/2025-26b-fai2-adsai-OleksiiKrasnoshtanov240247/DataLabs/data/raw/Y2B_24/images/train_Shival_231007_im4.png,/home/y2b/2025-26b-fai2-adsai-OleksiiKrasnoshtanov240247/DataLabs/data/raw/Y2B_24/masks/Shival/train_Shival_231007_im4_root_mask.tif,/home/y2b/2025-26b-fai2-adsai-OleksiiKrasnoshtanov240247/DataLabs/data/raw/Y2B_24/masks/Shival/train_Shival_231007_im4_shoot_mask.tif,/home/y2b/2025-26b-fai2-adsai-OleksiiKrasnoshtanov240247/DataLabs/data/raw/Y2B_24/masks/Shival/train_Shival_231007_im4_seed_mask.tif
/home/y2b/2025-26b-fai2-adsai-OleksiiKrasnoshtanov240247/DataLabs/data/raw/Y2B_24/images/train_Shival_231007_im5.png,/home/y2b/2025-26b-fai2-adsai-OleksiiKrasnoshtanov240247/DataLabs/data/raw/Y2B_24/masks/Shival/train_Shival_231007_im5_root_mask.tif,/home/y2b/2025-26b-fai2-adsai-OleksiiKrasnoshtanov240247/DataLabs/data/raw/Y2B_24/masks/Shival/train_Shival_231007_im5_shoot_mask.tif,/home/y2b/2025-26b-fai2-adsai-OleksiiKrasnoshtanov240247/DataLabs/data/raw/Y2B_24/masks/Shival/train_Shival_231007_im5_seed_mask.tif
/home/y2b/2025-26b-fai2-adsai-OleksiiKrasnoshtanov240247/DataLabs/data/raw/Y2B_24/images/train_Shival_231265_im1.png,FALSE,FALSE,FALSE
/home/y2b/2025-26b-fai2-adsai-OleksiiKrasnoshtanov240247/DataLabs/data/raw/Y2B_24/images/train_Shival_231265_im2.png,/home/y2b/2025-26b-fai2-adsai-OleksiiKrasnoshtanov240247/DataLabs/data/raw/Y2B_24/masks/Shival/train_Shival_231265_im2_root_mask.tif,/home/y2b/2025-26b-fai2-adsai-OleksiiKrasnoshtanov240247/DataLabs/data/raw/Y2B_24/masks/Shival/train_Shival_231265_im2_shoot_mask.tif,/home/y2b/2025-26b-fai2-adsai-OleksiiKrasnoshtanov240247/DataLabs/data/raw/Y2B_24/masks/Shival/train_Shival_231265_im2_seed_mask.tif
/home/y2b/2025-26b-fai2-adsai-OleksiiKrasnoshtanov240247/DataLabs/data/raw/Y2B_24/images/train_Shival_231265_im3.png,/home/y2b/2025-26b-fai2-adsai-OleksiiKrasnoshtanov240247/DataLabs/data/raw/Y2B_24/masks/Shival/train_Shival_231265_im3_root_mask.tif,/home/y2b/2025-26b-fai2-adsai-OleksiiKrasnoshtanov240247/DataLabs/data/raw/Y2B_24/masks/Shival/train_Shival_231265_im3_shoot_mask.tif,/home/y2b/2025-26b-fai2-adsai-OleksiiKrasnoshtanov240247/DataLabs/data/raw/Y2B_24/masks/Shival/train_Shival_231265_im3_seed_mask.tif
/home/y2b/2025-26b-fai2-adsai-OleksiiKrasnoshtanov240247/DataLabs/data/raw/Y2B_24/images/train_Shival_231265_im4.png,/home/y2b/2025-26b-fai2-adsai-OleksiiKrasnoshtanov240247/DataLabs/data/raw/Y2B_24/masks/Shival/train_Shival_231265_im4_root_mask.tif,/home/y2b/2025-26b-fai2-adsai-OleksiiKrasnoshtanov240247/DataLabs/data/raw/Y2B_24/masks/Shival/train_Shival_231265_im4_shoot_mask.tif,/home/y2b/2025-26b-fai2-adsai-OleksiiKrasnoshtanov240247/DataLabs/data/raw/Y2B_24/masks/Shival/train_Shival_231265_im4_seed_mask.tif
/home/y2b/2025-26b-fai2-adsai-OleksiiKrasnoshtanov240247/DataLabs/data/raw/Y2B_24/images/train_Shival_231265_im5.png,/home/y2b/2025-26b-fai2-adsai-OleksiiKrasnoshtanov240247/DataLabs/data/raw/Y2B_24/masks/Shival/train_Shival_231265_im5_root_mask.tif,/home/y2b/2025-26b-fai2-adsai-OleksiiKrasnoshtanov240247/DataLabs/data/raw/Y2B_24/masks/Shival/train_Shival_231265_im5_shoot_mask.tif,/home/y2b/2025-26b-fai2-adsai-OleksiiKrasnoshtanov240247/DataLabs/data/raw/Y2B_24/masks/Shival/train_Shival_231265_im5_seed_mask.tif
/home/y2b/2025-26b-fai2-adsai-OleksiiKrasnoshtanov240247/DataLabs/data/raw/Y2B_24/images/train_Shival_231781_im1.png,/home/y2b/2025-26b-fai2-adsai-OleksiiKrasnoshtanov240247/DataLabs/data/raw/Y2B_24/masks/Shival/train_Shival_231781_im1_root_mask.tif,/home/y2b/2025-26b-fai2-adsai-OleksiiKrasnoshtanov240247/DataLabs/data/raw/Y2B_24/masks/Shival/train_Shival_231781_im1_shoot_mask.tif,/home/y2b/2025-26b-fai2-adsai-OleksiiKrasnoshtanov240247/DataLabs/data/raw/Y2B_24/masks/Shival/train_Shival_231781_im1_seed_mask.tif
/home/y2b/2025-26b-fai2-adsai-OleksiiKrasnoshtanov240247/DataLabs/data/raw/Y2B_24/images/train_Shival_231781_im2.png,/home/y2b/2025-26b-fai2-adsai-OleksiiKrasnoshtanov240247/DataLabs/data/raw/Y2B_24/masks/Shival/train_Shival_231781_im2_root_mask.tif,/home/y2b/2025-26b-fai2-adsai-OleksiiKrasnoshtanov240247/DataLabs/data/raw/Y2B_24/masks/Shival/train_Shival_231781_im2_shoot_mask.tif,/home/y2b/2025-26b-fai2-adsai-OleksiiKrasnoshtanov240247/DataLabs/data/raw/Y2B_24/masks/Shival/train_Shival_231781_im2_seed_mask.tif
/home/y2b/2025-26b-fai2-adsai-OleksiiKrasnoshtanov240247/DataLabs/data/raw/Y2B_24/images/train_Shival_231781_im3.png,/home/y2b/2025-26b-fai2-adsai-OleksiiKrasnoshtanov240247/DataLabs/data/raw/Y2B_24/masks/Shival/train_Shival_231781_im3_root_mask.tif,/home/y2b/2025-26b-fai2-adsai-OleksiiKrasnoshtanov240247/DataLabs/data/raw/Y2B_24/masks/Shival/train_Shival_231781_im3_shoot_mask.tif,/home/y2b/2025-26b-fai2-adsai-OleksiiKrasnoshtanov240247/DataLabs/data/raw/Y2B_24/masks/Shival/train_Shival_231781_im3_seed_mask.tif
/home/y2b/2025-26b-fai2-adsai-OleksiiKrasnoshtanov240247/DataLabs/data/raw/Y2B_24/images/train_Shival_231781_im4.png,/home/y2b/2025-26b-fai2-adsai-OleksiiKrasnoshtanov240247/DataLabs/data/raw/Y2B_24/masks/Shival/train_Shival_231781_im4_root_mask.tif,/home/y2b/2025-26b-fai2-adsai-OleksiiKrasnoshtanov240247/DataLabs/data/raw/Y2B_24/masks/Shival/train_Shival_231781_im4_shoot_mask.tif,/home/y2b/2025-26b-fai2-adsai-OleksiiKrasnoshtanov240247/DataLabs/data/raw/Y2B_24/masks/Shival/train_Shival_231781_im4_seed_mask.tif
/home/y2b/2025-26b-fai2-adsai-OleksiiKrasnoshtanov240247/DataLabs/data/raw/Y2B_24/images/train_Shival_231781_im5.png,/home/y2b/2025-26b-fai2-adsai-OleksiiKrasnoshtanov240247/DataLabs/data/raw/Y2B_24/masks/Shival/train_Shival_231781_im5_root_mask.tif,/home/y2b/2025-26b-fai2-adsai-OleksiiKrasnoshtanov240247/DataLabs/data/raw/Y2B_24/masks/Shival/train_Shival_231781_im5_shoot_mask.tif,/home/y2b/2025-26b-fai2-adsai-OleksiiKrasnoshtanov240247/DataLabs/data/raw/Y2B_24/masks/Shival/train_Shival_231781_im5_seed_mask.tif
/home/y2b/2025-26b-fai2-adsai-OleksiiKrasnoshtanov240247/DataLabs/data/raw/Y2B_24/images/train_Shival_232166_im1.png,/home/y2b/2025-26b-fai2-adsai-OleksiiKrasnoshtanov240247/DataLabs/data/raw/Y2B_24/masks/Shival/train_Shival_232166_im1_root_mask.tif,/home/y2b/2025-26b-fai2-adsai-OleksiiKrasnoshtanov240247/DataLabs/data/raw/Y2B_24/masks/Shival/train_Shival_232166_im1_shoot_mask.tif,/home/y2b/2025-26b-fai2-adsai-OleksiiKrasnoshtanov240247/DataLabs/data/raw/Y2B_24/masks/Shival/train_Shival_232166_im1_seed_mask.tif
/home/y2b/2025-26b-fai2-adsai-OleksiiKrasnoshtanov240247/DataLabs/data/raw/Y2B_24/images/train_Shival_232166_im2.png,/home/y2b/2025-26b-fai2-adsai-OleksiiKrasnoshtanov240247/DataLabs/data/raw/Y2B_24/masks/Shival/train_Shival_232166_im2_root_mask.tif,/home/y2b/2025-26b-fai2-adsai-OleksiiKrasnoshtanov240247/DataLabs/data/raw/Y2B_24/masks/Shival/train_Shival_232166_im2_shoot_mask.tif,/home/y2b/2025-26b-fai2-adsai-OleksiiKrasnoshtanov240247/DataLabs/data/raw/Y2B_24/masks/Shival/train_Shival_232166_im2_seed_mask.tif
/home/y2b/2025-26b-fai2-adsai-OleksiiKrasnoshtanov240247/DataLabs/data/raw/Y2B_24/images/train_Shival_232166_im3.png,/home/y2b/2025-26b-fai2-adsai-OleksiiKrasnoshtanov240247/DataLabs/data/raw/Y2B_24/masks/Shival/train_Shival_232166_im3_root_mask.tif,/home/y2b/2025-26b-fai2-adsai-OleksiiKrasnoshtanov240247/DataLabs/data/raw/Y2B_24/masks/Shival/train_Shival_232166_im3_shoot_mask.tif,/home/y2b/2025-26b-fai2-adsai-OleksiiKrasnoshtanov240247/DataLabs/data/raw/Y2B_24/masks/Shival/train_Shival_232166_im3_seed_mask.tif
/home/y2b/2025-26b-fai2-adsai-OleksiiKrasnoshtanov240247/DataLabs/data/raw/Y2B_24/images/train_Shival_232166_im4.png,/home/y2b/2025-26b-fai2-adsai-OleksiiKrasnoshtanov240247/DataLabs/data/raw/Y2B_24/masks/Shival/train_Shival_232166_im4_root_mask.tif,/home/y2b/2025-26b-fai2-adsai-OleksiiKrasnoshtanov240247/DataLabs/data/raw/Y2B_24/masks/Shival/train_Shival_232166_im4_shoot_mask.tif,/home/y2b/2025-26b-fai2-adsai-OleksiiKrasnoshtanov240247/DataLabs/data/raw/Y2B_24/masks/Shival/train_Shival_232166_im4_seed_mask.tif
/home/y2b/2025-26b-fai2-adsai-OleksiiKrasnoshtanov240247/DataLabs/data/raw/Y2B_24/images/train_Shival_232166_im5.png,/home/y2b/2025-26b-fai2-adsai-OleksiiKrasnoshtanov240247/DataLabs/data/raw/Y2B_24/masks/Shival/train_Shival_232166_im5_root_mask.tif,/home/y2b/2025-26b-fai2-adsai-OleksiiKrasnoshtanov240247/DataLabs/data/raw/Y2B_24/masks/Shival/train_Shival_232166_im5_shoot_mask.tif,/home/y2b/2025-26b-fai2-adsai-OleksiiKrasnoshtanov240247/DataLabs/data/raw/Y2B_24/masks/Shival/train_Shival_232166_im5_seed_mask.tif
/home/y2b/2025-26b-fai2-adsai-OleksiiKrasnoshtanov240247/DataLabs/data/raw/Y2B_24/images/train_Shival_232374_im1.png,/home/y2b/2025-26b-fai2-adsai-OleksiiKrasnoshtanov240247/DataLabs/data/raw/Y2B_24/masks/Shival/train_Shival_232374_im1_root_mask.tif,/home/y2b/2025-26b-fai2-adsai-OleksiiKrasnoshtanov240247/DataLabs/data/raw/Y2B_24/masks/Shival/train_Shival_232374_im1_shoot_mask.tif,/home/y2b/2025-26b-fai2-adsai-OleksiiKrasnoshtanov240247/DataLabs/data/raw/Y2B_24/masks/Shival/train_Shival_232374_im1_seed_mask.tif
/home/y2b/2025-26b-fai2-adsai-OleksiiKrasnoshtanov240247/DataLabs/data/raw/Y2B_24/images/train_Shival_232374_im2.png,/home/y2b/2025-26b-fai2-adsai-OleksiiKrasnoshtanov240247/DataLabs/data/raw/Y2B_24/masks/Shival/train_Shival_232374_im2_root_mask.tif,/home/y2b/2025-26b-fai2-adsai-OleksiiKrasnoshtanov240247/DataLabs/data/raw/Y2B_24/masks/Shival/train_Shival_232374_im2_shoot_mask.tif,/home/y2b/2025-26b-fai2-adsai-OleksiiKrasnoshtanov240247/DataLabs/data/raw/Y2B_24/masks/Shival/train_Shival_232374_im2_seed_mask.tif
/home/y2b/2025-26b-fai2-adsai-OleksiiKrasnoshtanov240247/DataLabs/data/raw/Y2B_24/images/train_Shival_232374_im3.png,/home/y2b/2025-26b-fai2-adsai-OleksiiKrasnoshtanov240247/DataLabs/data/raw/Y2B_24/masks/Shival/train_Shival_232374_im3_root_mask.tif,/home/y2b/2025-26b-fai2-adsai-OleksiiKrasnoshtanov240247/DataLabs/data/raw/Y2B_24/masks/Shival/train_Shival_232374_im3_shoot_mask.tif,/home/y2b/2025-26b-fai2-adsai-OleksiiKrasnoshtanov240247/DataLabs/data/raw/Y2B_24/masks/Shival/train_Shival_232374_im3_seed_mask.tif
/home/y2b/2025-26b-fai2-adsai-OleksiiKrasnoshtanov240247/DataLabs/data/raw/Y2B_24/images/train_Shival_232374_im4.png,/home/y2b/2025-26b-fai2-adsai-OleksiiKrasnoshtanov240247/DataLabs/data/raw/Y2B_24/masks/Shival/train_Shival_232374_im4_root_mask.tif,/home/y2b/2025-26b-fai2-adsai-OleksiiKrasnoshtanov240247/DataLabs/data/raw/Y2B_24/masks/Shival/train_Shival_232374_im4_shoot_mask.tif,/home/y2b/2025-26b-fai2-adsai-OleksiiKrasnoshtanov240247/DataLabs/data/raw/Y2B_24/masks/Shival/train_Shival_232374_im4_seed_mask.tif
/home/y2b/2025-26b-fai2-adsai-OleksiiKrasnoshtanov240247/DataLabs/data/raw/Y2B_24/images/train_Shival_232374_im5.png,/home/y2b/2025-26b-fai2-adsai-OleksiiKrasnoshtanov240247/DataLabs/data/raw/Y2B_24/masks/Shival/train_Shival_232374_im5_root_mask.tif,/home/y2b/2025-26b-fai2-adsai-OleksiiKrasnoshtanov240247/DataLabs/data/raw/Y2B_24/masks/Shival/train_Shival_232374_im5_shoot_mask.tif,/home/y2b/2025-26b-fai2-adsai-OleksiiKrasnoshtanov240247/DataLabs/data/raw/Y2B_24/masks/Shival/train_Shival_232374_im5_seed_mask.tif
/home/y2b/2025-26b-fai2-adsai-OleksiiKrasnoshtanov240247/DataLabs/data/raw/Y2B_24/images/train_Shival_233182_im1.png,/home/y2b/2025-26b-fai2-adsai-OleksiiKrasnoshtanov240247/DataLabs/data/raw/Y2B_24/masks/Shival/train_Shival_233182_im1_root_mask.tif,/home/y2b/2025-26b-fai2-adsai-OleksiiKrasnoshtanov240247/DataLabs/data/raw/Y2B_24/masks/Shival/train_Shival_233182_im1_shoot_mask.tif,/home/y2b/2025-26b-fai2-adsai-OleksiiKrasnoshtanov240247/DataLabs/data/raw/Y2B_24/masks/Shival/train_Shival_233182_im1_seed_mask.tif
/home/y2b/2025-26b-fai2-adsai-OleksiiKrasnoshtanov240247/DataLabs/data/raw/Y2B_24/images/train_Shival_233182_im2.png,/home/y2b/2025-26b-fai2-adsai-OleksiiKrasnoshtanov240247/DataLabs/data/raw/Y2B_24/masks/Shival/train_Shival_233182_im2_root_mask.tif,/home/y2b/2025-26b-fai2-adsai-OleksiiKrasnoshtanov240247/DataLabs/data/raw/Y2B_24/masks/Shival/train_Shival_233182_im2_shoot_mask.tif,/home/y2b/2025-26b-fai2-adsai-OleksiiKrasnoshtanov240247/DataLabs/data/raw/Y2B_24/masks/Shival/train_Shival_233182_im2_seed_mask.tif
/home/y2b/2025-26b-fai2-adsai-OleksiiKrasnoshtanov240247/DataLabs/data/raw/Y2B_24/images/train_Shival_233182_im3.png,FALSE,FALSE,FALSE
/home/y2b/2025-26b-fai2-adsai-OleksiiKrasnoshtanov240247/DataLabs/data/raw/Y2B_24/images/train_Shival_233182_im4.png,/home/y2b/2025-26b-fai2-adsai-OleksiiKrasnoshtanov240247/DataLabs/data/raw/Y2B_24/masks/Shival/train_Shival_233182_im4_root_mask.tif,/home/y2b/2025-26b-fai2-adsai-OleksiiKrasnoshtanov240247/DataLabs/data/raw/Y2B_24/masks/Shival/train_Shival_233182_im4_shoot_mask.tif,/home/y2b/2025-26b-fai2-adsai-OleksiiKrasnoshtanov240247/DataLabs/data/raw/Y2B_24/masks/Shival/train_Shival_233182_im4_seed_mask.tif
/home/y2b/2025-26b-fai2-adsai-OleksiiKrasnoshtanov240247/DataLabs/data/raw/Y2B_24/images/train_Shival_233182_im5.png,/home/y2b/2025-26b-fai2-adsai-OleksiiKrasnoshtanov240247/DataLabs/data/raw/Y2B_24/masks/Shival/train_Shival_233182_im5_root_mask.tif,/home/y2b/2025-26b-fai2-adsai-OleksiiKrasnoshtanov240247/DataLabs/data/raw/Y2B_24/masks/Shival/train_Shival_233182_im5_shoot_mask.tif,/home/y2b/2025-26b-fai2-adsai-OleksiiKrasnoshtanov240247/DataLabs/data/raw/Y2B_24/masks/Shival/train_Shival_233182_im5_seed_mask.tif
/home/y2b/2025-26b-fai2-adsai-OleksiiKrasnoshtanov240247/DataLabs/data/raw/Y2B_24/images/train_Shival_234275_im1.png,/home/y2b/2025-26b-fai2-adsai-OleksiiKrasnoshtanov240247/DataLabs/data/raw/Y2B_24/masks/Shival/train_Shival_234275_im1_root_mask.tif,/home/y2b/2025-26b-fai2-adsai-OleksiiKrasnoshtanov240247/DataLabs/data/raw/Y2B_24/masks/Shival/train_Shival_234275_im1_shoot_mask.tif,/home/y2b/2025-26b-fai2-adsai-OleksiiKrasnoshtanov240247/DataLabs/data/raw/Y2B_24/masks/Shival/train_Shival_234275_im1_seed_mask.tif
/home/y2b/2025-26b-fai2-adsai-OleksiiKrasnoshtanov240247/DataLabs/data/raw/Y2B_24/images/train_Shival_234275_im2.png,/home/y2b/2025-26b-fai2-adsai-OleksiiKrasnoshtanov240247/DataLabs/data/raw/Y2B_24/masks/Shival/train_Shival_234275_im2_root_mask.tif,/home/y2b/2025-26b-fai2-adsai-OleksiiKrasnoshtanov240247/DataLabs/data/raw/Y2B_24/masks/Shival/train_Shival_234275_im2_shoot_mask.tif,/home/y2b/2025-26b-fai2-adsai-OleksiiKrasnoshtanov240247/DataLabs/data/raw/Y2B_24/masks/Shival/train_Shival_234275_im2_seed_mask.tif
/home/y2b/2025-26b-fai2-adsai-OleksiiKrasnoshtanov240247/DataLabs/data/raw/Y2B_24/images/train_Shival_234275_im3.png,/home/y2b/2025-26b-fai2-adsai-OleksiiKrasnoshtanov240247/DataLabs/data/raw/Y2B_24/masks/Shival/train_Shival_234275_im3_root_mask.tif,/home/y2b/2025-26b-fai2-adsai-OleksiiKrasnoshtanov240247/DataLabs/data/raw/Y2B_24/masks/Shival/train_Shival_234275_im3_shoot_mask.tif,/home/y2b/2025-26b-fai2-adsai-OleksiiKrasnoshtanov240247/DataLabs/data/raw/Y2B_24/masks/Shival/train_Shival_234275_im3_seed_mask.tif
/home/y2b/2025-26b-fai2-adsai-OleksiiKrasnoshtanov240247/DataLabs/data/raw/Y2B_24/images/train_Shival_234275_im4.png,/home/y2b/2025-26b-fai2-adsai-OleksiiKrasnoshtanov240247/DataLabs/data/raw/Y2B_24/masks/Shival/train_Shival_234275_im4_root_mask.tif,/home/y2b/2025-26b-fai2-adsai-OleksiiKrasnoshtanov240247/DataLabs/data/raw/Y2B_24/masks/Shival/train_Shival_234275_im4_shoot_mask.tif,/home/y2b/2025-26b-fai2-adsai-OleksiiKrasnoshtanov240247/DataLabs/data/raw/Y2B_24/masks/Shival/train_Shival_234275_im4_seed_mask.tif
/home/y2b/2025-26b-fai2-adsai-OleksiiKrasnoshtanov240247/DataLabs/data/raw/Y2B_24/images/train_Shival_234275_im5.png,/home/y2b/2025-26b-fai2-adsai-OleksiiKrasnoshtanov240247/DataLabs/data/raw/Y2B_24/masks/Shival/train_Shival_234275_im5_root_mask.tif,/home/y2b/2025-26b-fai2-adsai-OleksiiKrasnoshtanov240247/DataLabs/data/raw/Y2B_24/masks/Shival/train_Shival_234275_im5_shoot_mask.tif,/home/y2b/2025-26b-fai2-adsai-OleksiiKrasnoshtanov240247/DataLabs/data/raw/Y2B_24/masks/Shival/train_Shival_234275_im5_seed_mask.tif
/home/y2b/2025-26b-fai2-adsai-OleksiiKrasnoshtanov240247/DataLabs/data/raw/Y2B_24/images/train_Shival_234803_im1.png,/home/y2b/2025-26b-fai2-adsai-OleksiiKrasnoshtanov240247/DataLabs/data/raw/Y2B_24/masks/Shival/train_Shival_234803_im1_root_mask.tif,/home/y2b/2025-26b-fai2-adsai-OleksiiKrasnoshtanov240247/DataLabs/data/raw/Y2B_24/masks/Shival/train_Shival_234803_im1_shoot_mask.tif,/home/y2b/2025-26b-fai2-adsai-OleksiiKrasnoshtanov240247/DataLabs/data/raw/Y2B_24/masks/Shival/train_Shival_234803_im1_seed_mask.tif
/home/y2b/2025-26b-fai2-adsai-OleksiiKrasnoshtanov240247/DataLabs/data/raw/Y2B_24/images/train_Shival_234803_im2.png,/home/y2b/2025-26b-fai2-adsai-OleksiiKrasnoshtanov240247/DataLabs/data/raw/Y2B_24/masks/Shival/train_Shival_234803_im2_root_mask.tif,/home/y2b/2025-26b-fai2-adsai-OleksiiKrasnoshtanov240247/DataLabs/data/raw/Y2B_24/masks/Shival/train_Shival_234803_im2_shoot_mask.tif,/home/y2b/2025-26b-fai2-adsai-OleksiiKrasnoshtanov240247/DataLabs/data/raw/Y2B_24/masks/Shival/train_Shival_234803_im2_seed_mask.tif
/home/y2b/2025-26b-fai2-adsai-OleksiiKrasnoshtanov240247/DataLabs/data/raw/Y2B_24/images/train_Shival_234803_im3.png,/home/y2b/2025-26b-fai2-adsai-OleksiiKrasnoshtanov240247/DataLabs/data/raw/Y2B_24/masks/Shival/train_Shival_234803_im3_root_mask.tif,/home/y2b/2025-26b-fai2-adsai-OleksiiKrasnoshtanov240247/DataLabs/data/raw/Y2B_24/masks/Shival/train_Shival_234803_im3_shoot_mask.tif,/home/y2b/2025-26b-fai2-adsai-OleksiiKrasnoshtanov240247/DataLabs/data/raw/Y2B_24/masks/Shival/train_Shival_234803_im3_seed_mask.tif
/home/y2b/2025-26b-fai2-adsai-OleksiiKrasnoshtanov240247/DataLabs/data/raw/Y2B_24/images/train_Shival_234803_im4.png,/home/y2b/2025-26b-fai2-adsai-OleksiiKrasnoshtanov240247/DataLabs/data/raw/Y2B_24/masks/Shival/train_Shival_234803_im4_root_mask.tif,/home/y2b/2025-26b-fai2-adsai-OleksiiKrasnoshtanov240247/DataLabs/data/raw/Y2B_24/masks/Shival/train_Shival_234803_im4_shoot_mask.tif,/home/y2b/2025-26b-fai2-adsai-OleksiiKrasnoshtanov240247/DataLabs/data/raw/Y2B_24/masks/Shival/train_Shival_234803_im4_seed_mask.tif
/home/y2b/2025-26b-fai2-adsai-OleksiiKrasnoshtanov240247/DataLabs/data/raw/Y2B_24/images/train_Shival_234803_im5.png,FALSE,FALSE,FALSE
/home/y2b/2025-26b-fai2-adsai-OleksiiKrasnoshtanov240247/DataLabs/data/raw/Y2B_24/images/train_Shival_234924_im1.png,/home/y2b/2025-26b-fai2-adsai-OleksiiKrasnoshtanov240247/DataLabs/data/raw/Y2B_24/masks/Shival/train_Shival_234924_im1_root_mask.tif,/home/y2b/2025-26b-fai2-adsai-OleksiiKrasnoshtanov240247/DataLabs/data/raw/Y2B_24/masks/Shival/train_Shival_234924_im1_shoot_mask.tif,/home/y2b/2025-26b-fai2-adsai-OleksiiKrasnoshtanov240247/DataLabs/data/raw/Y2B_24/masks/Shival/train_Shival_234924_im1_seed_mask.tif
/home/y2b/2025-26b-fai2-adsai-OleksiiKrasnoshtanov240247/DataLabs/data/raw/Y2B_24/images/train_Shival_234924_im2.png,/home/y2b/2025-26b-fai2-adsai-OleksiiKrasnoshtanov240247/DataLabs/data/raw/Y2B_24/masks/Shival/train_Shival_234924_im2_root_mask.tif,/home/y2b/2025-26b-fai2-adsai-OleksiiKrasnoshtanov240247/DataLabs/data/raw/Y2B_24/masks/Shival/train_Shival_234924_im2_shoot_mask.tif,/home/y2b/2025-26b-fai2-adsai-OleksiiKrasnoshtanov240247/DataLabs/data/raw/Y2B_24/masks/Shival/train_Shival_234924_im2_seed_mask.tif
/home/y2b/2025-26b-fai2-adsai-OleksiiKrasnoshtanov240247/DataLabs/data/raw/Y2B_24/images/train_Shival_234924_im3.png,/home/y2b/2025-26b-fai2-adsai-OleksiiKrasnoshtanov240247/DataLabs/data/raw/Y2B_24/masks/Shival/train_Shival_234924_im3_root_mask.tif,/home/y2b/2025-26b-fai2-adsai-OleksiiKrasnoshtanov240247/DataLabs/data/raw/Y2B_24/masks/Shival/train_Shival_234924_im3_shoot_mask.tif,/home/y2b/2025-26b-fai2-adsai-OleksiiKrasnoshtanov240247/DataLabs/data/raw/Y2B_24/masks/Shival/train_Shival_234924_im3_seed_mask.tif
/home/y2b/2025-26b-fai2-adsai-OleksiiKrasnoshtanov240247/DataLabs/data/raw/Y2B_24/images/train_Shival_234924_im4.png,/home/y2b/2025-26b-fai2-adsai-OleksiiKrasnoshtanov240247/DataLabs/data/raw/Y2B_24/masks/Shival/train_Shival_234924_im4_root_mask.tif,/home/y2b/2025-26b-fai2-adsai-OleksiiKrasnoshtanov240247/DataLabs/data/raw/Y2B_24/masks/Shival/train_Shival_234924_im4_shoot_mask.tif,/home/y2b/2025-26b-fai2-adsai-OleksiiKrasnoshtanov240247/DataLabs/data/raw/Y2B_24/masks/Shival/train_Shival_234924_im4_seed_mask.tif
/home/y2b/2025-26b-fai2-adsai-OleksiiKrasnoshtanov240247/DataLabs/data/raw/Y2B_24/images/train_Shival_234924_im5.png,/home/y2b/2025-26b-fai2-adsai-OleksiiKrasnoshtanov240247/DataLabs/data/raw/Y2B_24/masks/Shival/train_Shival_234924_im5_root_mask.tif,/home/y2b/2025-26b-fai2-adsai-OleksiiKrasnoshtanov240247/DataLabs/data/raw/Y2B_24/masks/Shival/train_Shival_234924_im5_shoot_mask.tif,/home/y2b/2025-26b-fai2-adsai-OleksiiKrasnoshtanov240247/DataLabs/data/raw/Y2B_24/masks/Shival/train_Shival_234924_im5_seed_mask.tif
/home/y2b/2025-26b-fai2-adsai-OleksiiKrasnoshtanov240247/DataLabs/data/raw/Y2B_24/images/train_Shival_235065_im1.png,FALSE,FALSE,FALSE
/home/y2b/2025-26b-fai2-adsai-OleksiiKrasnoshtanov240247/DataLabs/data/raw/Y2B_24/images/train_Shival_235065_im2.png,FALSE,FALSE,FALSE
/home/y2b/2025-26b-fai2-adsai-OleksiiKrasnoshtanov240247/DataLabs/data/raw/Y2B_24/images/train_Shival_235065_im3.png,FALSE,FALSE,FALSE
/home/y2b/2025-26b-fai2-adsai-OleksiiKrasnoshtanov240247/DataLabs/data/raw/Y2B_24/images/train_Shival_235065_im4.png,FALSE,FALSE,FALSE
/home/y2b/2025-26b-fai2-adsai-OleksiiKrasnoshtanov240247/DataLabs/data/raw/Y2B_24/images/train_Shival_235065_im5.png,FALSE,FALSE,FALSE
/home/y2b/2025-26b-fai2-adsai-OleksiiKrasnoshtanov240247/DataLabs/data/raw/Y2B_24/images/val_Jason_225739_im1.png,FALSE,FALSE,FALSE
/home/y2b/2025-26b-fai2-adsai-OleksiiKrasnoshtanov240247/DataLabs/data/raw/Y2B_24/images/val_Jason_225739_im2.png,FALSE,FALSE,FALSE
/home/y2b/2025-26b-fai2-adsai-OleksiiKrasnoshtanov240247/DataLabs/data/raw/Y2B_24/images/val_Jason_225739_im3.png,FALSE,FALSE,FALSE
/home/y2b/2025-26b-fai2-adsai-OleksiiKrasnoshtanov240247/DataLabs/data/raw/Y2B_24/images/val_Jason_225739_im4.png,FALSE,FALSE,FALSE
/home/y2b/2025-26b-fai2-adsai-OleksiiKrasnoshtanov240247/DataLabs/data/raw/Y2B_24/images/val_Jason_225739_im5.png,FALSE,FALSE,FALSE
/home/y2b/2025-26b-fai2-adsai-OleksiiKrasnoshtanov240247/DataLabs/data/raw/Y2B_24/images/val_Jason_230446_im1.png,FALSE,FALSE,FALSE
/home/y2b/2025-26b-fai2-adsai-OleksiiKrasnoshtanov240247/DataLabs/data/raw/Y2B_24/images/val_Jason_230446_im2.png,FALSE,FALSE,FALSE
/home/y2b/2025-26b-fai2-adsai-OleksiiKrasnoshtanov240247/DataLabs/data/raw/Y2B_24/images/val_Jason_230446_im3.png,FALSE,FALSE,FALSE
/home/y2b/2025-26b-fai2-adsai-OleksiiKrasnoshtanov240247/DataLabs/data/raw/Y2B_24/images/val_Jason_230446_im4.png,FALSE,FALSE,FALSE
/home/y2b/2025-26b-fai2-adsai-OleksiiKrasnoshtanov240247/DataLabs/data/raw/Y2B_24/images/val_Jason_230446_im5.png,FALSE,FALSE,FALSE
/home/y2b/2025-26b-fai2-adsai-OleksiiKrasnoshtanov240247/DataLabs/data/raw/Y2B_24/images/val_Jason_230623_im1.png,FALSE,FALSE,FALSE
/home/y2b/2025-26b-fai2-adsai-OleksiiKrasnoshtanov240247/DataLabs/data/raw/Y2B_24/images/val_Jason_230623_im2.png,FALSE,FALSE,FALSE
/home/y2b/2025-26b-fai2-adsai-OleksiiKrasnoshtanov240247/DataLabs/data/raw/Y2B_24/images/val_Jason_230623_im3.png,FALSE,FALSE,FALSE
/home/y2b/2025-26b-fai2-adsai-OleksiiKrasnoshtanov240247/DataLabs/data/raw/Y2B_24/images/val_Jason_230623_im4.png,FALSE,FALSE,FALSE
/home/y2b/2025-26b-fai2-adsai-OleksiiKrasnoshtanov240247/DataLabs/data/raw/Y2B_24/images/val_Jason_230623_im5.png,FALSE,FALSE,FALSE
/home/y2b/2025-26b-fai2-adsai-OleksiiKrasnoshtanov240247/DataLabs/data/raw/Y2B_24/images/val_Jason_231412_im1.png,/home/y2b/2025-26b-fai2-adsai-OleksiiKrasnoshtanov240247/DataLabs/data/raw/Y2B_24/masks/Jason/val_Jason_231412_im1_root_mask.tif,/home/y2b/2025-26b-fai2-adsai-OleksiiKrasnoshtanov240247/DataLabs/data/raw/Y2B_24/masks/Jason/val_Jason_231412_im1_shoot_mask.tif,/home/y2b/2025-26b-fai2-adsai-OleksiiKrasnoshtanov240247/DataLabs/data/raw/Y2B_24/masks/Jason/val_Jason_231412_im1_seed_mask.tif
/home/y2b/2025-26b-fai2-adsai-OleksiiKrasnoshtanov240247/DataLabs/data/raw/Y2B_24/images/val_Jason_231412_im2.png,/home/y2b/2025-26b-fai2-adsai-OleksiiKrasnoshtanov240247/DataLabs/data/raw/Y2B_24/masks/Jason/val_Jason_231412_im2_root_mask.tif,/home/y2b/2025-26b-fai2-adsai-OleksiiKrasnoshtanov240247/DataLabs/data/raw/Y2B_24/masks/Jason/val_Jason_231412_im2_shoot_mask.tif,/home/y2b/2025-26b-fai2-adsai-OleksiiKrasnoshtanov240247/DataLabs/data/raw/Y2B_24/masks/Jason/val_Jason_231412_im2_seed_mask.tif
/home/y2b/2025-26b-fai2-adsai-OleksiiKrasnoshtanov240247/DataLabs/data/raw/Y2B_24/images/val_Jason_231412_im3.png,/home/y2b/2025-26b-fai2-adsai-OleksiiKrasnoshtanov240247/DataLabs/data/raw/Y2B_24/masks/Jason/val_Jason_231412_im3_root_mask.tif,/home/y2b/2025-26b-fai2-adsai-OleksiiKrasnoshtanov240247/DataLabs/data/raw/Y2B_24/masks/Jason/val_Jason_231412_im3_shoot_mask.tif,/home/y2b/2025-26b-fai2-adsai-OleksiiKrasnoshtanov240247/DataLabs/data/raw/Y2B_24/masks/Jason/val_Jason_231412_im3_seed_mask.tif
/home/y2b/2025-26b-fai2-adsai-OleksiiKrasnoshtanov240247/DataLabs/data/raw/Y2B_24/images/val_Jason_231412_im4.png,/home/y2b/2025-26b-fai2-adsai-OleksiiKrasnoshtanov240247/DataLabs/data/raw/Y2B_24/masks/Jason/val_Jason_231412_im4_root_mask.tif,/home/y2b/2025-26b-fai2-adsai-OleksiiKrasnoshtanov240247/DataLabs/data/raw/Y2B_24/masks/Jason/val_Jason_231412_im4_shoot_mask.tif,/home/y2b/2025-26b-fai2-adsai-OleksiiKrasnoshtanov240247/DataLabs/data/raw/Y2B_24/masks/Jason/val_Jason_231412_im4_seed_mask.tif
/home/y2b/2025-26b-fai2-adsai-OleksiiKrasnoshtanov240247/DataLabs/data/raw/Y2B_24/images/val_Jason_231412_im5.png,/home/y2b/2025-26b-fai2-adsai-OleksiiKrasnoshtanov240247/DataLabs/data/raw/Y2B_24/masks/Jason/val_Jason_231412_im5_root_mask.tif,/home/y2b/2025-26b-fai2-adsai-OleksiiKrasnoshtanov240247/DataLabs/data/raw/Y2B_24/masks/Jason/val_Jason_231412_im5_shoot_mask.tif,/home/y2b/2025-26b-fai2-adsai-OleksiiKrasnoshtanov240247/DataLabs/data/raw/Y2B_24/masks/Jason/val_Jason_231412_im5_seed_mask.tif
/home/y2b/2025-26b-fai2-adsai-OleksiiKrasnoshtanov240247/DataLabs/data/raw/Y2B_24/images/val_Jason_231643_im1.png,FALSE,FALSE,FALSE
/home/y2b/2025-26b-fai2-adsai-OleksiiKrasnoshtanov240247/DataLabs/data/raw/Y2B_24/images/val_Jason_231643_im2.png,FALSE,FALSE,FALSE
/home/y2b/2025-26b-fai2-adsai-OleksiiKrasnoshtanov240247/DataLabs/data/raw/Y2B_24/images/val_Jason_231643_im3.png,FALSE,FALSE,FALSE
/home/y2b/2025-26b-fai2-adsai-OleksiiKrasnoshtanov240247/DataLabs/data/raw/Y2B_24/images/val_Jason_231643_im4.png,FALSE,FALSE,FALSE
/home/y2b/2025-26b-fai2-adsai-OleksiiKrasnoshtanov240247/DataLabs/data/raw/Y2B_24/images/val_Jason_231643_im5.png,FALSE,FALSE,FALSE
/home/y2b/2025-26b-fai2-adsai-OleksiiKrasnoshtanov240247/DataLabs/data/raw/Y2B_24/images/val_Jason_232725_im1.png,FALSE,FALSE,FALSE
/home/y2b/2025-26b-fai2-adsai-OleksiiKrasnoshtanov240247/DataLabs/data/raw/Y2B_24/images/val_Jason_232725_im2.png,FALSE,FALSE,FALSE
/home/y2b/2025-26b-fai2-adsai-OleksiiKrasnoshtanov240247/DataLabs/data/raw/Y2B_24/images/val_Jason_232725_im3.png,FALSE,FALSE,FALSE
/home/y2b/2025-26b-fai2-adsai-OleksiiKrasnoshtanov240247/DataLabs/data/raw/Y2B_24/images/val_Jason_232725_im4.png,FALSE,FALSE,FALSE
/home/y2b/2025-26b-fai2-adsai-OleksiiKrasnoshtanov240247/DataLabs/data/raw/Y2B_24/images/val_Jason_232725_im5.png,FALSE,FALSE,FALSE
/home/y2b/2025-26b-fai2-adsai-OleksiiKrasnoshtanov240247/DataLabs/data/raw/Y2B_24/images/val_Jason_233464_im1.png,/home/y2b/2025-26b-fai2-adsai-OleksiiKrasnoshtanov240247/DataLabs/data/raw/Y2B_24/masks/Jason/val_Jason_233464_im1_root_mask.tif,/home/y2b/2025-26b-fai2-adsai-OleksiiKrasnoshtanov240247/DataLabs/data/raw/Y2B_24/masks/Jason/val_Jason_233464_im1_shoot_mask.tif,/home/y2b/2025-26b-fai2-adsai-OleksiiKrasnoshtanov240247/DataLabs/data/raw/Y2B_24/masks/Jason/val_Jason_233464_im1_seed_mask.tif
/home/y2b/2025-26b-fai2-adsai-OleksiiKrasnoshtanov240247/DataLabs/data/raw/Y2B_24/images/val_Jason_233464_im2.png,/home/y2b/2025-26b-fai2-adsai-OleksiiKrasnoshtanov240247/DataLabs/data/raw/Y2B_24/masks/Jason/val_Jason_233464_im2_root_mask.tif,/home/y2b/2025-26b-fai2-adsai-OleksiiKrasnoshtanov240247/DataLabs/data/raw/Y2B_24/masks/Jason/val_Jason_233464_im2_shoot_mask.tif,/home/y2b/2025-26b-fai2-adsai-OleksiiKrasnoshtanov240247/DataLabs/data/raw/Y2B_24/masks/Jason/val_Jason_233464_im2_seed_mask.tif
/home/y2b/2025-26b-fai2-adsai-OleksiiKrasnoshtanov240247/DataLabs/data/raw/Y2B_24/images/val_Jason_233464_im3.png,/home/y2b/2025-26b-fai2-adsai-OleksiiKrasnoshtanov240247/DataLabs/data/raw/Y2B_24/masks/Jason/val_Jason_233464_im3_root_mask.tif,/home/y2b/2025-26b-fai2-adsai-OleksiiKrasnoshtanov240247/DataLabs/data/raw/Y2B_24/masks/Jason/val_Jason_233464_im3_shoot_mask.tif,/home/y2b/2025-26b-fai2-adsai-OleksiiKrasnoshtanov240247/DataLabs/data/raw/Y2B_24/masks/Jason/val_Jason_233464_im3_seed_mask.tif
/home/y2b/2025-26b-fai2-adsai-OleksiiKrasnoshtanov240247/DataLabs/data/raw/Y2B_24/images/val_Jason_233464_im4.png,/home/y2b/2025-26b-fai2-adsai-OleksiiKrasnoshtanov240247/DataLabs/data/raw/Y2B_24/masks/Jason/val_Jason_233464_im4_root_mask.tif,/home/y2b/2025-26b-fai2-adsai-OleksiiKrasnoshtanov240247/DataLabs/data/raw/Y2B_24/masks/Jason/val_Jason_233464_im4_shoot_mask.tif,/home/y2b/2025-26b-fai2-adsai-OleksiiKrasnoshtanov240247/DataLabs/data/raw/Y2B_24/masks/Jason/val_Jason_233464_im4_seed_mask.tif
/home/y2b/2025-26b-fai2-adsai-OleksiiKrasnoshtanov240247/DataLabs/data/raw/Y2B_24/images/val_Jason_233464_im5.png,/home/y2b/2025-26b-fai2-adsai-OleksiiKrasnoshtanov240247/DataLabs/data/raw/Y2B_24/masks/Jason/val_Jason_233464_im5_root_mask.tif,/home/y2b/2025-26b-fai2-adsai-OleksiiKrasnoshtanov240247/DataLabs/data/raw/Y2B_24/masks/Jason/val_Jason_233464_im5_shoot_mask.tif,/home/y2b/2025-26b-fai2-adsai-OleksiiKrasnoshtanov240247/DataLabs/data/raw/Y2B_24/masks/Jason/val_Jason_233464_im5_seed_mask.tif
/home/y2b/2025-26b-fai2-adsai-OleksiiKrasnoshtanov240247/DataLabs/data/raw/Y2B_24/images/val_Jason_234039_im1.png,FALSE,FALSE,FALSE
/home/y2b/2025-26b-fai2-adsai-OleksiiKrasnoshtanov240247/DataLabs/data/raw/Y2B_24/images/val_Jason_234039_im2.png,FALSE,FALSE,FALSE
/home/y2b/2025-26b-fai2-adsai-OleksiiKrasnoshtanov240247/DataLabs/data/raw/Y2B_24/images/val_Jason_234039_im3.png,FALSE,FALSE,FALSE
/home/y2b/2025-26b-fai2-adsai-OleksiiKrasnoshtanov240247/DataLabs/data/raw/Y2B_24/images/val_Jason_234039_im4.png,FALSE,FALSE,FALSE
/home/y2b/2025-26b-fai2-adsai-OleksiiKrasnoshtanov240247/DataLabs/data/raw/Y2B_24/images/val_Jason_234039_im5.png,FALSE,FALSE,FALSE
/home/y2b/2025-26b-fai2-adsai-OleksiiKrasnoshtanov240247/DataLabs/data/raw/Y2B_24/images/val_Jason_234041_im1.png,FALSE,FALSE,FALSE
/home/y2b/2025-26b-fai2-adsai-OleksiiKrasnoshtanov240247/DataLabs/data/raw/Y2B_24/images/val_Jason_234041_im2.png,FALSE,FALSE,FALSE
/home/y2b/2025-26b-fai2-adsai-OleksiiKrasnoshtanov240247/DataLabs/data/raw/Y2B_24/images/val_Jason_234041_im3.png,FALSE,FALSE,FALSE
/home/y2b/2025-26b-fai2-adsai-OleksiiKrasnoshtanov240247/DataLabs/data/raw/Y2B_24/images/val_Jason_234041_im4.png,FALSE,FALSE,FALSE
/home/y2b/2025-26b-fai2-adsai-OleksiiKrasnoshtanov240247/DataLabs/data/raw/Y2B_24/images/val_Jason_234041_im5.png,FALSE,FALSE,FALSE
/home/y2b/2025-26b-fai2-adsai-OleksiiKrasnoshtanov240247/DataLabs/data/raw/Y2B_24/images/val_Jason_234301_im1.png,/home/y2b/2025-26b-fai2-adsai-OleksiiKrasnoshtanov240247/DataLabs/data/raw/Y2B_24/masks/Jason/val_Jason_234301_im1_root_mask.tif,/home/y2b/2025-26b-fai2-adsai-OleksiiKrasnoshtanov240247/DataLabs/data/raw/Y2B_24/masks/Jason/val_Jason_234301_im1_shoot_mask.tif,/home/y2b/2025-26b-fai2-adsai-OleksiiKrasnoshtanov240247/DataLabs/data/raw/Y2B_24/masks/Jason/val_Jason_234301_im1_seed_mask.tif
/home/y2b/2025-26b-fai2-adsai-OleksiiKrasnoshtanov240247/DataLabs/data/raw/Y2B_24/images/val_Jason_234301_im2.png,/home/y2b/2025-26b-fai2-adsai-OleksiiKrasnoshtanov240247/DataLabs/data/raw/Y2B_24/masks/Jason/val_Jason_234301_im2_root_mask.tif,/home/y2b/2025-26b-fai2-adsai-OleksiiKrasnoshtanov240247/DataLabs/data/raw/Y2B_24/masks/Jason/val_Jason_234301_im2_shoot_mask.tif,/home/y2b/2025-26b-fai2-adsai-OleksiiKrasnoshtanov240247/DataLabs/data/raw/Y2B_24/masks/Jason/val_Jason_234301_im2_seed_mask.tif
/home/y2b/2025-26b-fai2-adsai-OleksiiKrasnoshtanov240247/DataLabs/data/raw/Y2B_24/images/val_Jason_234301_im3.png,/home/y2b/2025-26b-fai2-adsai-OleksiiKrasnoshtanov240247/DataLabs/data/raw/Y2B_24/masks/Jason/val_Jason_234301_im3_root_mask.tif,/home/y2b/2025-26b-fai2-adsai-OleksiiKrasnoshtanov240247/DataLabs/data/raw/Y2B_24/masks/Jason/val_Jason_234301_im3_shoot_mask.tif,/home/y2b/2025-26b-fai2-adsai-OleksiiKrasnoshtanov240247/DataLabs/data/raw/Y2B_24/masks/Jason/val_Jason_234301_im3_seed_mask.tif
/home/y2b/2025-26b-fai2-adsai-OleksiiKrasnoshtanov240247/DataLabs/data/raw/Y2B_24/images/val_Jason_234301_im4.png,/home/y2b/2025-26b-fai2-adsai-OleksiiKrasnoshtanov240247/DataLabs/data/raw/Y2B_24/masks/Jason/val_Jason_234301_im4_root_mask.tif,/home/y2b/2025-26b-fai2-adsai-OleksiiKrasnoshtanov240247/DataLabs/data/raw/Y2B_24/masks/Jason/val_Jason_234301_im4_shoot_mask.tif,/home/y2b/2025-26b-fai2-adsai-OleksiiKrasnoshtanov240247/DataLabs/data/raw/Y2B_24/masks/Jason/val_Jason_234301_im4_seed_mask.tif
/home/y2b/2025-26b-fai2-adsai-OleksiiKrasnoshtanov240247/DataLabs/data/raw/Y2B_24/images/val_Jason_234301_im5.png,/home/y2b/2025-26b-fai2-adsai-OleksiiKrasnoshtanov240247/DataLabs/data/raw/Y2B_24/masks/Jason/val_Jason_234301_im5_root_mask.tif,/home/y2b/2025-26b-fai2-adsai-OleksiiKrasnoshtanov240247/DataLabs/data/raw/Y2B_24/masks/Jason/val_Jason_234301_im5_shoot_mask.tif,/home/y2b/2025-26b-fai2-adsai-OleksiiKrasnoshtanov240247/DataLabs/data/raw/Y2B_24/masks/Jason/val_Jason_234301_im5_seed_mask.tif
/home/y2b/2025-26b-fai2-adsai-OleksiiKrasnoshtanov240247/DataLabs/data/raw/Y2B_24/images/val_Jason_234450_im1.png,FALSE,FALSE,FALSE
/home/y2b/2025-26b-fai2-adsai-OleksiiKrasnoshtanov240247/DataLabs/data/raw/Y2B_24/images/val_Jason_234450_im2.png,FALSE,FALSE,FALSE
/home/y2b/2025-26b-fai2-adsai-OleksiiKrasnoshtanov240247/DataLabs/data/raw/Y2B_24/images/val_Jason_234450_im3.png,FALSE,FALSE,FALSE
/home/y2b/2025-26b-fai2-adsai-OleksiiKrasnoshtanov240247/DataLabs/data/raw/Y2B_24/images/val_Jason_234450_im4.png,FALSE,FALSE,FALSE
/home/y2b/2025-26b-fai2-adsai-OleksiiKrasnoshtanov240247/DataLabs/data/raw/Y2B_24/images/val_Jason_234450_im5.png,FALSE,FALSE,FALSE
/home/y2b/2025-26b-fai2-adsai-OleksiiKrasnoshtanov240247/DataLabs/data/raw/Y2B_24/images/val_Jason_234535_im1.png,/home/y2b/2025-26b-fai2-adsai-OleksiiKrasnoshtanov240247/DataLabs/data/raw/Y2B_24/masks/Jason/val_Jason_234535_im1_root_mask.tif,/home/y2b/2025-26b-fai2-adsai-OleksiiKrasnoshtanov240247/DataLabs/data/raw/Y2B_24/masks/Jason/val_Jason_234535_im1_shoot_mask.tif,/home/y2b/2025-26b-fai2-adsai-OleksiiKrasnoshtanov240247/DataLabs/data/raw/Y2B_24/masks/Jason/val_Jason_234535_im1_seed_mask.tif
/home/y2b/2025-26b-fai2-adsai-OleksiiKrasnoshtanov240247/DataLabs/data/raw/Y2B_24/images/val_Jason_234535_im2.png,/home/y2b/2025-26b-fai2-adsai-OleksiiKrasnoshtanov240247/DataLabs/data/raw/Y2B_24/masks/Jason/val_Jason_234535_im2_root_mask.tif,/home/y2b/2025-26b-fai2-adsai-OleksiiKrasnoshtanov240247/DataLabs/data/raw/Y2B_24/masks/Jason/val_Jason_234535_im2_shoot_mask.tif,/home/y2b/2025-26b-fai2-adsai-OleksiiKrasnoshtanov240247/DataLabs/data/raw/Y2B_24/masks/Jason/val_Jason_234535_im2_seed_mask.tif
/home/y2b/2025-26b-fai2-adsai-OleksiiKrasnoshtanov240247/DataLabs/data/raw/Y2B_24/images/val_Jason_234535_im3.png,/home/y2b/2025-26b-fai2-adsai-OleksiiKrasnoshtanov240247/DataLabs/data/raw/Y2B_24/masks/Jason/val_Jason_234535_im3_root_mask.tif,/home/y2b/2025-26b-fai2-adsai-OleksiiKrasnoshtanov240247/DataLabs/data/raw/Y2B_24/masks/Jason/val_Jason_234535_im3_shoot_mask.tif,/home/y2b/2025-26b-fai2-adsai-OleksiiKrasnoshtanov240247/DataLabs/data/raw/Y2B_24/masks/Jason/val_Jason_234535_im3_seed_mask.tif
/home/y2b/2025-26b-fai2-adsai-OleksiiKrasnoshtanov240247/DataLabs/data/raw/Y2B_24/images/val_Jason_234535_im4.png,/home/y2b/2025-26b-fai2-adsai-OleksiiKrasnoshtanov240247/DataLabs/data/raw/Y2B_24/masks/Jason/val_Jason_234535_im4_root_mask.tif,/home/y2b/2025-26b-fai2-adsai-OleksiiKrasnoshtanov240247/DataLabs/data/raw/Y2B_24/masks/Jason/val_Jason_234535_im4_shoot_mask.tif,/home/y2b/2025-26b-fai2-adsai-OleksiiKrasnoshtanov240247/DataLabs/data/raw/Y2B_24/masks/Jason/val_Jason_234535_im4_seed_mask.tif
/home/y2b/2025-26b-fai2-adsai-OleksiiKrasnoshtanov240247/DataLabs/data/raw/Y2B_24/images/val_Jason_234535_im5.png,/home/y2b/2025-26b-fai2-adsai-OleksiiKrasnoshtanov240247/DataLabs/data/raw/Y2B_24/masks/Jason/val_Jason_234535_im5_root_mask.tif,/home/y2b/2025-26b-fai2-adsai-OleksiiKrasnoshtanov240247/DataLabs/data/raw/Y2B_24/masks/Jason/val_Jason_234535_im5_shoot_mask.tif,/home/y2b/2025-26b-fai2-adsai-OleksiiKrasnoshtanov240247/DataLabs/data/raw/Y2B_24/masks/Jason/val_Jason_234535_im5_seed_mask.tif
/home/y2b/2025-26b-fai2-adsai-OleksiiKrasnoshtanov240247/DataLabs/data/raw/Y2B_24/images/val_Jason_234838_im1.png,FALSE,FALSE,FALSE
/home/y2b/2025-26b-fai2-adsai-OleksiiKrasnoshtanov240247/DataLabs/data/raw/Y2B_24/images/val_Jason_234838_im2.png,FALSE,FALSE,FALSE
/home/y2b/2025-26b-fai2-adsai-OleksiiKrasnoshtanov240247/DataLabs/data/raw/Y2B_24/images/val_Jason_234838_im3.png,FALSE,FALSE,FALSE
/home/y2b/2025-26b-fai2-adsai-OleksiiKrasnoshtanov240247/DataLabs/data/raw/Y2B_24/images/val_Jason_234838_im4.png,FALSE,FALSE,FALSE
/home/y2b/2025-26b-fai2-adsai-OleksiiKrasnoshtanov240247/DataLabs/data/raw/Y2B_24/images/val_Jason_234838_im5.png,FALSE,FALSE,FALSE
/home/y2b/2025-26b-fai2-adsai-OleksiiKrasnoshtanov240247/DataLabs/data/raw/Y2B_24/images/val_Myrthe_213041_im1.png,FALSE,FALSE,FALSE
/home/y2b/2025-26b-fai2-adsai-OleksiiKrasnoshtanov240247/DataLabs/data/raw/Y2B_24/images/val_Myrthe_213041_im2.png,FALSE,FALSE,FALSE
/home/y2b/2025-26b-fai2-adsai-OleksiiKrasnoshtanov240247/DataLabs/data/raw/Y2B_24/images/val_Myrthe_213041_im3.png,FALSE,FALSE,FALSE
/home/y2b/2025-26b-fai2-adsai-OleksiiKrasnoshtanov240247/DataLabs/data/raw/Y2B_24/images/val_Myrthe_213041_im4.png,FALSE,FALSE,FALSE
/home/y2b/2025-26b-fai2-adsai-OleksiiKrasnoshtanov240247/DataLabs/data/raw/Y2B_24/images/val_Myrthe_213041_im5.png,FALSE,FALSE,FALSE
/home/y2b/2025-26b-fai2-adsai-OleksiiKrasnoshtanov240247/DataLabs/data/raw/Y2B_24/images/val_Myrthe_221989_im1.png,/home/y2b/2025-26b-fai2-adsai-OleksiiKrasnoshtanov240247/DataLabs/data/raw/Y2B_24/masks/Myrthe/val_Myrthe_221989_im1_root_mask.tif,/home/y2b/2025-26b-fai2-adsai-OleksiiKrasnoshtanov240247/DataLabs/data/raw/Y2B_24/masks/Myrthe/val_Myrthe_221989_im1_shoot_mask.tif,/home/y2b/2025-26b-fai2-adsai-OleksiiKrasnoshtanov240247/DataLabs/data/raw/Y2B_24/masks/Myrthe/val_Myrthe_221989_im1_seed_mask.tif
/home/y2b/2025-26b-fai2-adsai-OleksiiKrasnoshtanov240247/DataLabs/data/raw/Y2B_24/images/val_Myrthe_221989_im2.png,/home/y2b/2025-26b-fai2-adsai-OleksiiKrasnoshtanov240247/DataLabs/data/raw/Y2B_24/masks/Myrthe/val_Myrthe_221989_im2_root_mask.tif,/home/y2b/2025-26b-fai2-adsai-OleksiiKrasnoshtanov240247/DataLabs/data/raw/Y2B_24/masks/Myrthe/val_Myrthe_221989_im2_shoot_mask.tif,/home/y2b/2025-26b-fai2-adsai-OleksiiKrasnoshtanov240247/DataLabs/data/raw/Y2B_24/masks/Myrthe/val_Myrthe_221989_im2_seed_mask.tif
/home/y2b/2025-26b-fai2-adsai-OleksiiKrasnoshtanov240247/DataLabs/data/raw/Y2B_24/images/val_Myrthe_221989_im3.png,/home/y2b/2025-26b-fai2-adsai-OleksiiKrasnoshtanov240247/DataLabs/data/raw/Y2B_24/masks/Myrthe/val_Myrthe_221989_im3_root_mask.tif,/home/y2b/2025-26b-fai2-adsai-OleksiiKrasnoshtanov240247/DataLabs/data/raw/Y2B_24/masks/Myrthe/val_Myrthe_221989_im3_shoot_mask.tif,/home/y2b/2025-26b-fai2-adsai-OleksiiKrasnoshtanov240247/DataLabs/data/raw/Y2B_24/masks/Myrthe/val_Myrthe_221989_im3_seed_mask.tif
/home/y2b/2025-26b-fai2-adsai-OleksiiKrasnoshtanov240247/DataLabs/data/raw/Y2B_24/images/val_Myrthe_221989_im4.png,/home/y2b/2025-26b-fai2-adsai-OleksiiKrasnoshtanov240247/DataLabs/data/raw/Y2B_24/masks/Myrthe/val_Myrthe_221989_im4_root_mask.tif,/home/y2b/2025-26b-fai2-adsai-OleksiiKrasnoshtanov240247/DataLabs/data/raw/Y2B_24/masks/Myrthe/val_Myrthe_221989_im4_shoot_mask.tif,/home/y2b/2025-26b-fai2-adsai-OleksiiKrasnoshtanov240247/DataLabs/data/raw/Y2B_24/masks/Myrthe/val_Myrthe_221989_im4_seed_mask.tif
/home/y2b/2025-26b-fai2-adsai-OleksiiKrasnoshtanov240247/DataLabs/data/raw/Y2B_24/images/val_Myrthe_221989_im5.png,/home/y2b/2025-26b-fai2-adsai-OleksiiKrasnoshtanov240247/DataLabs/data/raw/Y2B_24/masks/Myrthe/val_Myrthe_221989_im5_root_mask.tif,/home/y2b/2025-26b-fai2-adsai-OleksiiKrasnoshtanov240247/DataLabs/data/raw/Y2B_24/masks/Myrthe/val_Myrthe_221989_im5_shoot_mask.tif,/home/y2b/2025-26b-fai2-adsai-OleksiiKrasnoshtanov240247/DataLabs/data/raw/Y2B_24/masks/Myrthe/val_Myrthe_221989_im5_seed_mask.tif
/home/y2b/2025-26b-fai2-adsai-OleksiiKrasnoshtanov240247/DataLabs/data/raw/Y2B_24/images/val_Myrthe_222855_im1.png,FALSE,FALSE,FALSE
/home/y2b/2025-26b-fai2-adsai-OleksiiKrasnoshtanov240247/DataLabs/data/raw/Y2B_24/images/val_Myrthe_222855_im2.png,FALSE,FALSE,FALSE
/home/y2b/2025-26b-fai2-adsai-OleksiiKrasnoshtanov240247/DataLabs/data/raw/Y2B_24/images/val_Myrthe_222855_im3.png,FALSE,FALSE,FALSE
/home/y2b/2025-26b-fai2-adsai-OleksiiKrasnoshtanov240247/DataLabs/data/raw/Y2B_24/images/val_Myrthe_222855_im4.png,FALSE,FALSE,FALSE
/home/y2b/2025-26b-fai2-adsai-OleksiiKrasnoshtanov240247/DataLabs/data/raw/Y2B_24/images/val_Myrthe_222855_im5.png,FALSE,FALSE,FALSE
/home/y2b/2025-26b-fai2-adsai-OleksiiKrasnoshtanov240247/DataLabs/data/raw/Y2B_24/images/val_Myrthe_230302_im1.png,FALSE,FALSE,FALSE
/home/y2b/2025-26b-fai2-adsai-OleksiiKrasnoshtanov240247/DataLabs/data/raw/Y2B_24/images/val_Myrthe_230302_im2.png,FALSE,FALSE,FALSE
/home/y2b/2025-26b-fai2-adsai-OleksiiKrasnoshtanov240247/DataLabs/data/raw/Y2B_24/images/val_Myrthe_230302_im3.png,FALSE,FALSE,FALSE
/home/y2b/2025-26b-fai2-adsai-OleksiiKrasnoshtanov240247/DataLabs/data/raw/Y2B_24/images/val_Myrthe_230302_im4.png,FALSE,FALSE,FALSE
/home/y2b/2025-26b-fai2-adsai-OleksiiKrasnoshtanov240247/DataLabs/data/raw/Y2B_24/images/val_Myrthe_230302_im5.png,FALSE,FALSE,FALSE
/home/y2b/2025-26b-fai2-adsai-OleksiiKrasnoshtanov240247/DataLabs/data/raw/Y2B_24/images/val_Myrthe_231999_im1.png,/home/y2b/2025-26b-fai2-adsai-OleksiiKrasnoshtanov240247/DataLabs/data/raw/Y2B_24/masks/Myrthe/val_Myrthe_231999_im1_root_mask.tif,/home/y2b/2025-26b-fai2-adsai-OleksiiKrasnoshtanov240247/DataLabs/data/raw/Y2B_24/masks/Myrthe/val_Myrthe_231999_im1_shoot_mask.tif,/home/y2b/2025-26b-fai2-adsai-OleksiiKrasnoshtanov240247/DataLabs/data/raw/Y2B_24/masks/Myrthe/val_Myrthe_231999_im1_seed_mask.tif
/home/y2b/2025-26b-fai2-adsai-OleksiiKrasnoshtanov240247/DataLabs/data/raw/Y2B_24/images/val_Myrthe_231999_im2.png,/home/y2b/2025-26b-fai2-adsai-OleksiiKrasnoshtanov240247/DataLabs/data/raw/Y2B_24/masks/Myrthe/val_Myrthe_231999_im2_root_mask.tif,/home/y2b/2025-26b-fai2-adsai-OleksiiKrasnoshtanov240247/DataLabs/data/raw/Y2B_24/masks/Myrthe/val_Myrthe_231999_im2_shoot_mask.tif,/home/y2b/2025-26b-fai2-adsai-OleksiiKrasnoshtanov240247/DataLabs/data/raw/Y2B_24/masks/Myrthe/val_Myrthe_231999_im2_seed_mask.tif
/home/y2b/2025-26b-fai2-adsai-OleksiiKrasnoshtanov240247/DataLabs/data/raw/Y2B_24/images/val_Myrthe_231999_im3.png,/home/y2b/2025-26b-fai2-adsai-OleksiiKrasnoshtanov240247/DataLabs/data/raw/Y2B_24/masks/Myrthe/val_Myrthe_231999_im3_root_mask.tif,/home/y2b/2025-26b-fai2-adsai-OleksiiKrasnoshtanov240247/DataLabs/data/raw/Y2B_24/masks/Myrthe/val_Myrthe_231999_im3_shoot_mask.tif,/home/y2b/2025-26b-fai2-adsai-OleksiiKrasnoshtanov240247/DataLabs/data/raw/Y2B_24/masks/Myrthe/val_Myrthe_231999_im3_seed_mask.tif
/home/y2b/2025-26b-fai2-adsai-OleksiiKrasnoshtanov240247/DataLabs/data/raw/Y2B_24/images/val_Myrthe_231999_im4.png,/home/y2b/2025-26b-fai2-adsai-OleksiiKrasnoshtanov240247/DataLabs/data/raw/Y2B_24/masks/Myrthe/val_Myrthe_231999_im4_root_mask.tif,/home/y2b/2025-26b-fai2-adsai-OleksiiKrasnoshtanov240247/DataLabs/data/raw/Y2B_24/masks/Myrthe/val_Myrthe_231999_im4_shoot_mask.tif,/home/y2b/2025-26b-fai2-adsai-OleksiiKrasnoshtanov240247/DataLabs/data/raw/Y2B_24/masks/Myrthe/val_Myrthe_231999_im4_seed_mask.tif
/home/y2b/2025-26b-fai2-adsai-OleksiiKrasnoshtanov240247/DataLabs/data/raw/Y2B_24/images/val_Myrthe_231999_im5.png,/home/y2b/2025-26b-fai2-adsai-OleksiiKrasnoshtanov240247/DataLabs/data/raw/Y2B_24/masks/Myrthe/val_Myrthe_231999_im5_root_mask.tif,/home/y2b/2025-26b-fai2-adsai-OleksiiKrasnoshtanov240247/DataLabs/data/raw/Y2B_24/masks/Myrthe/val_Myrthe_231999_im5_shoot_mask.tif,/home/y2b/2025-26b-fai2-adsai-OleksiiKrasnoshtanov240247/DataLabs/data/raw/Y2B_24/masks/Myrthe/val_Myrthe_231999_im5_seed_mask.tif
/home/y2b/2025-26b-fai2-adsai-OleksiiKrasnoshtanov240247/DataLabs/data/raw/Y2B_24/images/val_Myrthe_232189_im1.png,/home/y2b/2025-26b-fai2-adsai-OleksiiKrasnoshtanov240247/DataLabs/data/raw/Y2B_24/masks/Myrthe/val_Myrthe_232189_im1_root_mask.tif,/home/y2b/2025-26b-fai2-adsai-OleksiiKrasnoshtanov240247/DataLabs/data/raw/Y2B_24/masks/Myrthe/val_Myrthe_232189_im1_shoot_mask.tif,/home/y2b/2025-26b-fai2-adsai-OleksiiKrasnoshtanov240247/DataLabs/data/raw/Y2B_24/masks/Myrthe/val_Myrthe_232189_im1_seed_mask.tif
/home/y2b/2025-26b-fai2-adsai-OleksiiKrasnoshtanov240247/DataLabs/data/raw/Y2B_24/images/val_Myrthe_232189_im2.png,/home/y2b/2025-26b-fai2-adsai-OleksiiKrasnoshtanov240247/DataLabs/data/raw/Y2B_24/masks/Myrthe/val_Myrthe_232189_im2_root_mask.tif,/home/y2b/2025-26b-fai2-adsai-OleksiiKrasnoshtanov240247/DataLabs/data/raw/Y2B_24/masks/Myrthe/val_Myrthe_232189_im2_shoot_mask.tif,/home/y2b/2025-26b-fai2-adsai-OleksiiKrasnoshtanov240247/DataLabs/data/raw/Y2B_24/masks/Myrthe/val_Myrthe_232189_im2_seed_mask.tif
/home/y2b/2025-26b-fai2-adsai-OleksiiKrasnoshtanov240247/DataLabs/data/raw/Y2B_24/images/val_Myrthe_232189_im3.png,/home/y2b/2025-26b-fai2-adsai-OleksiiKrasnoshtanov240247/DataLabs/data/raw/Y2B_24/masks/Myrthe/val_Myrthe_232189_im3_root_mask.tif,/home/y2b/2025-26b-fai2-adsai-OleksiiKrasnoshtanov240247/DataLabs/data/raw/Y2B_24/masks/Myrthe/val_Myrthe_232189_im3_shoot_mask.tif,/home/y2b/2025-26b-fai2-adsai-OleksiiKrasnoshtanov240247/DataLabs/data/raw/Y2B_24/masks/Myrthe/val_Myrthe_232189_im3_seed_mask.tif
/home/y2b/2025-26b-fai2-adsai-OleksiiKrasnoshtanov240247/DataLabs/data/raw/Y2B_24/images/val_Myrthe_232189_im4.png,/home/y2b/2025-26b-fai2-adsai-OleksiiKrasnoshtanov240247/DataLabs/data/raw/Y2B_24/masks/Myrthe/val_Myrthe_232189_im4_root_mask.tif,/home/y2b/2025-26b-fai2-adsai-OleksiiKrasnoshtanov240247/DataLabs/data/raw/Y2B_24/masks/Myrthe/val_Myrthe_232189_im4_shoot_mask.tif,/home/y2b/2025-26b-fai2-adsai-OleksiiKrasnoshtanov240247/DataLabs/data/raw/Y2B_24/masks/Myrthe/val_Myrthe_232189_im4_seed_mask.tif
/home/y2b/2025-26b-fai2-adsai-OleksiiKrasnoshtanov240247/DataLabs/data/raw/Y2B_24/images/val_Myrthe_232189_im5.png,/home/y2b/2025-26b-fai2-adsai-OleksiiKrasnoshtanov240247/DataLabs/data/raw/Y2B_24/masks/Myrthe/val_Myrthe_232189_im5_root_mask.tif,/home/y2b/2025-26b-fai2-adsai-OleksiiKrasnoshtanov240247/DataLabs/data/raw/Y2B_24/masks/Myrthe/val_Myrthe_232189_im5_shoot_mask.tif,/home/y2b/2025-26b-fai2-adsai-OleksiiKrasnoshtanov240247/DataLabs/data/raw/Y2B_24/masks/Myrthe/val_Myrthe_232189_im5_seed_mask.tif
/home/y2b/2025-26b-fai2-adsai-OleksiiKrasnoshtanov240247/DataLabs/data/raw/Y2B_24/images/val_Myrthe_232969_im1.png,/home/y2b/2025-26b-fai2-adsai-OleksiiKrasnoshtanov240247/DataLabs/data/raw/Y2B_24/masks/Myrthe/val_Myrthe_232969_im1_root_mask.tif,/home/y2b/2025-26b-fai2-adsai-OleksiiKrasnoshtanov240247/DataLabs/data/raw/Y2B_24/masks/Myrthe/val_Myrthe_232969_im1_shoot_mask.tif,/home/y2b/2025-26b-fai2-adsai-OleksiiKrasnoshtanov240247/DataLabs/data/raw/Y2B_24/masks/Myrthe/val_Myrthe_232969_im1_seed_mask.tif
/home/y2b/2025-26b-fai2-adsai-OleksiiKrasnoshtanov240247/DataLabs/data/raw/Y2B_24/images/val_Myrthe_232969_im2.png,/home/y2b/2025-26b-fai2-adsai-OleksiiKrasnoshtanov240247/DataLabs/data/raw/Y2B_24/masks/Myrthe/val_Myrthe_232969_im2_root_mask.tif,/home/y2b/2025-26b-fai2-adsai-OleksiiKrasnoshtanov240247/DataLabs/data/raw/Y2B_24/masks/Myrthe/val_Myrthe_232969_im2_shoot_mask.tif,/home/y2b/2025-26b-fai2-adsai-OleksiiKrasnoshtanov240247/DataLabs/data/raw/Y2B_24/masks/Myrthe/val_Myrthe_232969_im2_seed_mask.tif
/home/y2b/2025-26b-fai2-adsai-OleksiiKrasnoshtanov240247/DataLabs/data/raw/Y2B_24/images/val_Myrthe_232969_im3.png,/home/y2b/2025-26b-fai2-adsai-OleksiiKrasnoshtanov240247/DataLabs/data/raw/Y2B_24/masks/Myrthe/val_Myrthe_232969_im3_root_mask.tif,/home/y2b/2025-26b-fai2-adsai-OleksiiKrasnoshtanov240247/DataLabs/data/raw/Y2B_24/masks/Myrthe/val_Myrthe_232969_im3_shoot_mask.tif,/home/y2b/2025-26b-fai2-adsai-OleksiiKrasnoshtanov240247/DataLabs/data/raw/Y2B_24/masks/Myrthe/val_Myrthe_232969_im3_seed_mask.tif
/home/y2b/2025-26b-fai2-adsai-OleksiiKrasnoshtanov240247/DataLabs/data/raw/Y2B_24/images/val_Myrthe_232969_im4.png,/home/y2b/2025-26b-fai2-adsai-OleksiiKrasnoshtanov240247/DataLabs/data/raw/Y2B_24/masks/Myrthe/val_Myrthe_232969_im4_root_mask.tif,/home/y2b/2025-26b-fai2-adsai-OleksiiKrasnoshtanov240247/DataLabs/data/raw/Y2B_24/masks/Myrthe/val_Myrthe_232969_im4_shoot_mask.tif,/home/y2b/2025-26b-fai2-adsai-OleksiiKrasnoshtanov240247/DataLabs/data/raw/Y2B_24/masks/Myrthe/val_Myrthe_232969_im4_seed_mask.tif
/home/y2b/2025-26b-fai2-adsai-OleksiiKrasnoshtanov240247/DataLabs/data/raw/Y2B_24/images/val_Myrthe_232969_im5.png,/home/y2b/2025-26b-fai2-adsai-OleksiiKrasnoshtanov240247/DataLabs/data/raw/Y2B_24/masks/Myrthe/val_Myrthe_232969_im5_root_mask.tif,/home/y2b/2025-26b-fai2-adsai-OleksiiKrasnoshtanov240247/DataLabs/data/raw/Y2B_24/masks/Myrthe/val_Myrthe_232969_im5_shoot_mask.tif,/home/y2b/2025-26b-fai2-adsai-OleksiiKrasnoshtanov240247/DataLabs/data/raw/Y2B_24/masks/Myrthe/val_Myrthe_232969_im5_seed_mask.tif
/home/y2b/2025-26b-fai2-adsai-OleksiiKrasnoshtanov240247/DataLabs/data/raw/Y2B_24/images/val_Myrthe_232997_im1.png,FALSE,FALSE,FALSE
/home/y2b/2025-26b-fai2-adsai-OleksiiKrasnoshtanov240247/DataLabs/data/raw/Y2B_24/images/val_Myrthe_232997_im2.png,FALSE,FALSE,FALSE
/home/y2b/2025-26b-fai2-adsai-OleksiiKrasnoshtanov240247/DataLabs/data/raw/Y2B_24/images/val_Myrthe_232997_im3.png,FALSE,FALSE,FALSE
/home/y2b/2025-26b-fai2-adsai-OleksiiKrasnoshtanov240247/DataLabs/data/raw/Y2B_24/images/val_Myrthe_232997_im4.png,FALSE,FALSE,FALSE
/home/y2b/2025-26b-fai2-adsai-OleksiiKrasnoshtanov240247/DataLabs/data/raw/Y2B_24/images/val_Myrthe_232997_im5.png,FALSE,FALSE,FALSE
/home/y2b/2025-26b-fai2-adsai-OleksiiKrasnoshtanov240247/DataLabs/data/raw/Y2B_24/images/val_Myrthe_233650_im1.png,/home/y2b/2025-26b-fai2-adsai-OleksiiKrasnoshtanov240247/DataLabs/data/raw/Y2B_24/masks/Myrthe/val_Myrthe_233650_im1_root_mask.tif,/home/y2b/2025-26b-fai2-adsai-OleksiiKrasnoshtanov240247/DataLabs/data/raw/Y2B_24/masks/Myrthe/val_Myrthe_233650_im1_shoot_mask.tif,/home/y2b/2025-26b-fai2-adsai-OleksiiKrasnoshtanov240247/DataLabs/data/raw/Y2B_24/masks/Myrthe/val_Myrthe_233650_im1_seed_mask.tif
/home/y2b/2025-26b-fai2-adsai-OleksiiKrasnoshtanov240247/DataLabs/data/raw/Y2B_24/images/val_Myrthe_233650_im2.png,/home/y2b/2025-26b-fai2-adsai-OleksiiKrasnoshtanov240247/DataLabs/data/raw/Y2B_24/masks/Myrthe/val_Myrthe_233650_im2_root_mask.tif,/home/y2b/2025-26b-fai2-adsai-OleksiiKrasnoshtanov240247/DataLabs/data/raw/Y2B_24/masks/Myrthe/val_Myrthe_233650_im2_shoot_mask.tif,/home/y2b/2025-26b-fai2-adsai-OleksiiKrasnoshtanov240247/DataLabs/data/raw/Y2B_24/masks/Myrthe/val_Myrthe_233650_im2_seed_mask.tif
/home/y2b/2025-26b-fai2-adsai-OleksiiKrasnoshtanov240247/DataLabs/data/raw/Y2B_24/images/val_Myrthe_233650_im3.png,/home/y2b/2025-26b-fai2-adsai-OleksiiKrasnoshtanov240247/DataLabs/data/raw/Y2B_24/masks/Myrthe/val_Myrthe_233650_im3_root_mask.tif,/home/y2b/2025-26b-fai2-adsai-OleksiiKrasnoshtanov240247/DataLabs/data/raw/Y2B_24/masks/Myrthe/val_Myrthe_233650_im3_shoot_mask.tif,/home/y2b/2025-26b-fai2-adsai-OleksiiKrasnoshtanov240247/DataLabs/data/raw/Y2B_24/masks/Myrthe/val_Myrthe_233650_im3_seed_mask.tif
/home/y2b/2025-26b-fai2-adsai-OleksiiKrasnoshtanov240247/DataLabs/data/raw/Y2B_24/images/val_Myrthe_233650_im4.png,/home/y2b/2025-26b-fai2-adsai-OleksiiKrasnoshtanov240247/DataLabs/data/raw/Y2B_24/masks/Myrthe/val_Myrthe_233650_im4_root_mask.tif,/home/y2b/2025-26b-fai2-adsai-OleksiiKrasnoshtanov240247/DataLabs/data/raw/Y2B_24/masks/Myrthe/val_Myrthe_233650_im4_shoot_mask.tif,/home/y2b/2025-26b-fai2-adsai-OleksiiKrasnoshtanov240247/DataLabs/data/raw/Y2B_24/masks/Myrthe/val_Myrthe_233650_im4_seed_mask.tif
/home/y2b/2025-26b-fai2-adsai-OleksiiKrasnoshtanov240247/DataLabs/data/raw/Y2B_24/images/val_Myrthe_233650_im5.png,/home/y2b/2025-26b-fai2-adsai-OleksiiKrasnoshtanov240247/DataLabs/data/raw/Y2B_24/masks/Myrthe/val_Myrthe_233650_im5_root_mask.tif,/home/y2b/2025-26b-fai2-adsai-OleksiiKrasnoshtanov240247/DataLabs/data/raw/Y2B_24/masks/Myrthe/val_Myrthe_233650_im5_shoot_mask.tif,/home/y2b/2025-26b-fai2-adsai-OleksiiKrasnoshtanov240247/DataLabs/data/raw/Y2B_24/masks/Myrthe/val_Myrthe_233650_im5_seed_mask.tif
/home/y2b/2025-26b-fai2-adsai-OleksiiKrasnoshtanov240247/DataLabs/data/raw/Y2B_24/images/val_Myrthe_233900_im1.png,FALSE,FALSE,FALSE
/home/y2b/2025-26b-fai2-adsai-OleksiiKrasnoshtanov240247/DataLabs/data/raw/Y2B_24/images/val_Myrthe_233900_im2.png,FALSE,FALSE,FALSE
/home/y2b/2025-26b-fai2-adsai-OleksiiKrasnoshtanov240247/DataLabs/data/raw/Y2B_24/images/val_Myrthe_233900_im3.png,FALSE,FALSE,FALSE
/home/y2b/2025-26b-fai2-adsai-OleksiiKrasnoshtanov240247/DataLabs/data/raw/Y2B_24/images/val_Myrthe_233900_im4.png,FALSE,FALSE,FALSE
/home/y2b/2025-26b-fai2-adsai-OleksiiKrasnoshtanov240247/DataLabs/data/raw/Y2B_24/images/val_Myrthe_233900_im5.png,FALSE,FALSE,FALSE
/home/y2b/2025-26b-fai2-adsai-OleksiiKrasnoshtanov240247/DataLabs/data/raw/Y2B_24/images/val_Myrthe_234051_im1.png,/home/y2b/2025-26b-fai2-adsai-OleksiiKrasnoshtanov240247/DataLabs/data/raw/Y2B_24/masks/Myrthe/val_Myrthe_234051_im1_root_mask.tif,/home/y2b/2025-26b-fai2-adsai-OleksiiKrasnoshtanov240247/DataLabs/data/raw/Y2B_24/masks/Myrthe/val_Myrthe_234051_im1_shoot_mask.tif,/home/y2b/2025-26b-fai2-adsai-OleksiiKrasnoshtanov240247/DataLabs/data/raw/Y2B_24/masks/Myrthe/val_Myrthe_234051_im1_seed_mask.tif
/home/y2b/2025-26b-fai2-adsai-OleksiiKrasnoshtanov240247/DataLabs/data/raw/Y2B_24/images/val_Myrthe_234051_im2.png,/home/y2b/2025-26b-fai2-adsai-OleksiiKrasnoshtanov240247/DataLabs/data/raw/Y2B_24/masks/Myrthe/val_Myrthe_234051_im2_root_mask.tif,/home/y2b/2025-26b-fai2-adsai-OleksiiKrasnoshtanov240247/DataLabs/data/raw/Y2B_24/masks/Myrthe/val_Myrthe_234051_im2_shoot_mask.tif,/home/y2b/2025-26b-fai2-adsai-OleksiiKrasnoshtanov240247/DataLabs/data/raw/Y2B_24/masks/Myrthe/val_Myrthe_234051_im2_seed_mask.tif
/home/y2b/2025-26b-fai2-adsai-OleksiiKrasnoshtanov240247/DataLabs/data/raw/Y2B_24/images/val_Myrthe_234051_im3.png,/home/y2b/2025-26b-fai2-adsai-OleksiiKrasnoshtanov240247/DataLabs/data/raw/Y2B_24/masks/Myrthe/val_Myrthe_234051_im3_root_mask.tif,/home/y2b/2025-26b-fai2-adsai-OleksiiKrasnoshtanov240247/DataLabs/data/raw/Y2B_24/masks/Myrthe/val_Myrthe_234051_im3_shoot_mask.tif,/home/y2b/2025-26b-fai2-adsai-OleksiiKrasnoshtanov240247/DataLabs/data/raw/Y2B_24/masks/Myrthe/val_Myrthe_234051_im3_seed_mask.tif
/home/y2b/2025-26b-fai2-adsai-OleksiiKrasnoshtanov240247/DataLabs/data/raw/Y2B_24/images/val_Myrthe_234051_im4.png,/home/y2b/2025-26b-fai2-adsai-OleksiiKrasnoshtanov240247/DataLabs/data/raw/Y2B_24/masks/Myrthe/val_Myrthe_234051_im4_root_mask.tif,/home/y2b/2025-26b-fai2-adsai-OleksiiKrasnoshtanov240247/DataLabs/data/raw/Y2B_24/masks/Myrthe/val_Myrthe_234051_im4_shoot_mask.tif,/home/y2b/2025-26b-fai2-adsai-OleksiiKrasnoshtanov240247/DataLabs/data/raw/Y2B_24/masks/Myrthe/val_Myrthe_234051_im4_seed_mask.tif
/home/y2b/2025-26b-fai2-adsai-OleksiiKrasnoshtanov240247/DataLabs/data/raw/Y2B_24/images/val_Myrthe_234051_im5.png,/home/y2b/2025-26b-fai2-adsai-OleksiiKrasnoshtanov240247/DataLabs/data/raw/Y2B_24/masks/Myrthe/val_Myrthe_234051_im5_root_mask.tif,/home/y2b/2025-26b-fai2-adsai-OleksiiKrasnoshtanov240247/DataLabs/data/raw/Y2B_24/masks/Myrthe/val_Myrthe_234051_im5_shoot_mask.tif,/home/y2b/2025-26b-fai2-adsai-OleksiiKrasnoshtanov240247/DataLabs/data/raw/Y2B_24/masks/Myrthe/val_Myrthe_234051_im5_seed_mask.tif
/home/y2b/2025-26b-fai2-adsai-OleksiiKrasnoshtanov240247/DataLabs/data/raw/Y2B_24/images/val_Myrthe_236578_im1.png,FALSE,FALSE,FALSE
/home/y2b/2025-26b-fai2-adsai-OleksiiKrasnoshtanov240247/DataLabs/data/raw/Y2B_24/images/val_Myrthe_236578_im2.png,FALSE,FALSE,FALSE
/home/y2b/2025-26b-fai2-adsai-OleksiiKrasnoshtanov240247/DataLabs/data/raw/Y2B_24/images/val_Myrthe_236578_im3.png,FALSE,FALSE,FALSE
/home/y2b/2025-26b-fai2-adsai-OleksiiKrasnoshtanov240247/DataLabs/data/raw/Y2B_24/images/val_Myrthe_236578_im4.png,FALSE,FALSE,FALSE
/home/y2b/2025-26b-fai2-adsai-OleksiiKrasnoshtanov240247/DataLabs/data/raw/Y2B_24/images/val_Myrthe_236578_im5.png,FALSE,FALSE,FALSE
/home/y2b/2025-26b-fai2-adsai-OleksiiKrasnoshtanov240247/DataLabs/data/raw/Y2B_24/images/val_Myrthe_236814_im1.png,FALSE,FALSE,FALSE
/home/y2b/2025-26b-fai2-adsai-OleksiiKrasnoshtanov240247/DataLabs/data/raw/Y2B_24/images/val_Myrthe_236814_im2 (1).png,FALSE,FALSE,FALSE
/home/y2b/2025-26b-fai2-adsai-OleksiiKrasnoshtanov240247/DataLabs/data/raw/Y2B_24/images/val_Myrthe_236814_im2.png,FALSE,FALSE,FALSE
/home/y2b/2025-26b-fai2-adsai-OleksiiKrasnoshtanov240247/DataLabs/data/raw/Y2B_24/images/val_Myrthe_236814_im3.png,FALSE,FALSE,FALSE
/home/y2b/2025-26b-fai2-adsai-OleksiiKrasnoshtanov240247/DataLabs/data/raw/Y2B_24/images/val_Myrthe_236814_im4.png,FALSE,FALSE,FALSE
/home/y2b/2025-26b-fai2-adsai-OleksiiKrasnoshtanov240247/DataLabs/data/raw/Y2B_24/images/val_Myrthe_236814_im5.png,FALSE,FALSE,FALSE
/home/y2b/2025-26b-fai2-adsai-OleksiiKrasnoshtanov240247/DataLabs/data/raw/Y2B_25/images/train_Alican_233172_im1.png,FALSE,FALSE,FALSE
/home/y2b/2025-26b-fai2-adsai-OleksiiKrasnoshtanov240247/DataLabs/data/raw/Y2B_25/images/train_Alican_234838_im1.png,FALSE,FALSE,FALSE
/home/y2b/2025-26b-fai2-adsai-OleksiiKrasnoshtanov240247/DataLabs/data/raw/Y2B_25/images/train_Alican_236918_im1.png,FALSE,FALSE,FALSE
/home/y2b/2025-26b-fai2-adsai-OleksiiKrasnoshtanov240247/DataLabs/data/raw/Y2B_25/images/train_Alican_241329_im1.png,FALSE,FALSE,FALSE
/home/y2b/2025-26b-fai2-adsai-OleksiiKrasnoshtanov240247/DataLabs/data/raw/Y2B_25/images/train_Alican_241593_im1.png,FALSE,FALSE,FALSE
/home/y2b/2025-26b-fai2-adsai-OleksiiKrasnoshtanov240247/DataLabs/data/raw/Y2B_25/images/train_Alican_241992_im1.png,FALSE,FALSE,FALSE
/home/y2b/2025-26b-fai2-adsai-OleksiiKrasnoshtanov240247/DataLabs/data/raw/Y2B_25/images/train_Alican_242058_im1.png,FALSE,FALSE,FALSE
/home/y2b/2025-26b-fai2-adsai-OleksiiKrasnoshtanov240247/DataLabs/data/raw/Y2B_25/images/train_Alican_242621_im1.png,FALSE,FALSE,FALSE
/home/y2b/2025-26b-fai2-adsai-OleksiiKrasnoshtanov240247/DataLabs/data/raw/Y2B_25/images/train_Alican_242824_im1.png,FALSE,FALSE,FALSE
/home/y2b/2025-26b-fai2-adsai-OleksiiKrasnoshtanov240247/DataLabs/data/raw/Y2B_25/images/train_Alican_242845_im1.png,FALSE,FALSE,FALSE
/home/y2b/2025-26b-fai2-adsai-OleksiiKrasnoshtanov240247/DataLabs/data/raw/Y2B_25/images/train_Alican_243522_im1.png,FALSE,FALSE,FALSE
/home/y2b/2025-26b-fai2-adsai-OleksiiKrasnoshtanov240247/DataLabs/data/raw/Y2B_25/images/train_Alican_243552_im1.png,FALSE,FALSE,FALSE
/home/y2b/2025-26b-fai2-adsai-OleksiiKrasnoshtanov240247/DataLabs/data/raw/Y2B_25/images/train_Alican_244760_im1.png,FALSE,FALSE,FALSE
/home/y2b/2025-26b-fai2-adsai-OleksiiKrasnoshtanov240247/DataLabs/data/raw/Y2B_25/images/train_Alican_245226_im1.png,FALSE,FALSE,FALSE
/home/y2b/2025-26b-fai2-adsai-OleksiiKrasnoshtanov240247/DataLabs/data/raw/Y2B_25/images/train_Alican_245769_im1.png,FALSE,FALSE,FALSE
/home/y2b/2025-26b-fai2-adsai-OleksiiKrasnoshtanov240247/DataLabs/data/raw/Y2B_25/images/train_Dean_211941_im1.png,FALSE,FALSE,FALSE
/home/y2b/2025-26b-fai2-adsai-OleksiiKrasnoshtanov240247/DataLabs/data/raw/Y2B_25/images/train_Dean_221136_im1.png,FALSE,FALSE,FALSE
/home/y2b/2025-26b-fai2-adsai-OleksiiKrasnoshtanov240247/DataLabs/data/raw/Y2B_25/images/train_Dean_221350_im1.png,FALSE,FALSE,FALSE
/home/y2b/2025-26b-fai2-adsai-OleksiiKrasnoshtanov240247/DataLabs/data/raw/Y2B_25/images/train_Dean_223073_im1.png,FALSE,FALSE,FALSE
/home/y2b/2025-26b-fai2-adsai-OleksiiKrasnoshtanov240247/DataLabs/data/raw/Y2B_25/images/train_Dean_230395_im1.png,FALSE,FALSE,FALSE
/home/y2b/2025-26b-fai2-adsai-OleksiiKrasnoshtanov240247/DataLabs/data/raw/Y2B_25/images/train_Dean_240046_im1.png,FALSE,FALSE,FALSE
/home/y2b/2025-26b-fai2-adsai-OleksiiKrasnoshtanov240247/DataLabs/data/raw/Y2B_25/images/train_Dean_242467_im1.png,FALSE,FALSE,FALSE
/home/y2b/2025-26b-fai2-adsai-OleksiiKrasnoshtanov240247/DataLabs/data/raw/Y2B_25/images/train_Dean_242715_im1.png,FALSE,FALSE,FALSE
/home/y2b/2025-26b-fai2-adsai-OleksiiKrasnoshtanov240247/DataLabs/data/raw/Y2B_25/images/train_Dean_243537_im1.png,FALSE,FALSE,FALSE
/home/y2b/2025-26b-fai2-adsai-OleksiiKrasnoshtanov240247/DataLabs/data/raw/Y2B_25/images/train_Dean_243801_im1.png,FALSE,FALSE,FALSE
/home/y2b/2025-26b-fai2-adsai-OleksiiKrasnoshtanov240247/DataLabs/data/raw/Y2B_25/images/train_Dean_244141_im1.png,FALSE,FALSE,FALSE
/home/y2b/2025-26b-fai2-adsai-OleksiiKrasnoshtanov240247/DataLabs/data/raw/Y2B_25/images/train_Dean_244437_im1.png,FALSE,FALSE,FALSE
/home/y2b/2025-26b-fai2-adsai-OleksiiKrasnoshtanov240247/DataLabs/data/raw/Y2B_25/images/train_Dean_245205_im1.png,FALSE,FALSE,FALSE
/home/y2b/2025-26b-fai2-adsai-OleksiiKrasnoshtanov240247/DataLabs/data/raw/Y2B_25/images/train_Dean_245486_im1.png,FALSE,FALSE,FALSE
/home/y2b/2025-26b-fai2-adsai-OleksiiKrasnoshtanov240247/DataLabs/data/raw/Y2B_25/images/train_Dean_246941_im1.png,FALSE,FALSE,FALSE
/home/y2b/2025-26b-fai2-adsai-OleksiiKrasnoshtanov240247/DataLabs/data/raw/Y2B_25/images/train_Jason_225538_im1.png,FALSE,FALSE,FALSE
/home/y2b/2025-26b-fai2-adsai-OleksiiKrasnoshtanov240247/DataLabs/data/raw/Y2B_25/images/train_Jason_231874_im1.png,FALSE,FALSE,FALSE
/home/y2b/2025-26b-fai2-adsai-OleksiiKrasnoshtanov240247/DataLabs/data/raw/Y2B_25/images/train_Jason_234062_im1.png,FALSE,FALSE,FALSE
/home/y2b/2025-26b-fai2-adsai-OleksiiKrasnoshtanov240247/DataLabs/data/raw/Y2B_25/images/train_Jason_240020_im1.png,FALSE,FALSE,FALSE
/home/y2b/2025-26b-fai2-adsai-OleksiiKrasnoshtanov240247/DataLabs/data/raw/Y2B_25/images/train_Jason_240247_im1.png,FALSE,FALSE,FALSE
/home/y2b/2025-26b-fai2-adsai-OleksiiKrasnoshtanov240247/DataLabs/data/raw/Y2B_25/images/train_Jason_240780_im1.png,FALSE,FALSE,FALSE
/home/y2b/2025-26b-fai2-adsai-OleksiiKrasnoshtanov240247/DataLabs/data/raw/Y2B_25/images/train_Jason_240843_im1.png,FALSE,FALSE,FALSE
/home/y2b/2025-26b-fai2-adsai-OleksiiKrasnoshtanov240247/DataLabs/data/raw/Y2B_25/images/train_Jason_240894_im1.png,FALSE,FALSE,FALSE
/home/y2b/2025-26b-fai2-adsai-OleksiiKrasnoshtanov240247/DataLabs/data/raw/Y2B_25/images/train_Jason_242140_im1.png,FALSE,FALSE,FALSE
/home/y2b/2025-26b-fai2-adsai-OleksiiKrasnoshtanov240247/DataLabs/data/raw/Y2B_25/images/train_Jason_244775_im1.png,FALSE,FALSE,FALSE
/home/y2b/2025-26b-fai2-adsai-OleksiiKrasnoshtanov240247/DataLabs/data/raw/Y2B_25/images/train_Jason_245046_im1.png,FALSE,FALSE,FALSE
/home/y2b/2025-26b-fai2-adsai-OleksiiKrasnoshtanov240247/DataLabs/data/raw/Y2B_25/images/train_Jason_245484_im1.png,FALSE,FALSE,FALSE
/home/y2b/2025-26b-fai2-adsai-OleksiiKrasnoshtanov240247/DataLabs/data/raw/Y2B_25/images/train_Jason_245639_im1.png,FALSE,FALSE,FALSE
/home/y2b/2025-26b-fai2-adsai-OleksiiKrasnoshtanov240247/DataLabs/data/raw/Y2B_25/images/train_Jason_245982_im1.png,FALSE,FALSE,FALSE
/home/y2b/2025-26b-fai2-adsai-OleksiiKrasnoshtanov240247/DataLabs/data/raw/Y2B_25/images/train_Myrthe_236474_im1.png,FALSE,FALSE,FALSE
/home/y2b/2025-26b-fai2-adsai-OleksiiKrasnoshtanov240247/DataLabs/data/raw/Y2B_25/images/train_Myrthe_240791_im1.png,FALSE,FALSE,FALSE
/home/y2b/2025-26b-fai2-adsai-OleksiiKrasnoshtanov240247/DataLabs/data/raw/Y2B_25/images/train_Myrthe_241236_im1.png,FALSE,FALSE,FALSE
/home/y2b/2025-26b-fai2-adsai-OleksiiKrasnoshtanov240247/DataLabs/data/raw/Y2B_25/images/train_Myrthe_241950_im1.png,FALSE,FALSE,FALSE
/home/y2b/2025-26b-fai2-adsai-OleksiiKrasnoshtanov240247/DataLabs/data/raw/Y2B_25/images/train_Myrthe_242168_im1.png,FALSE,FALSE,FALSE
/home/y2b/2025-26b-fai2-adsai-OleksiiKrasnoshtanov240247/DataLabs/data/raw/Y2B_25/images/train_Myrthe_242689_im1.png,FALSE,FALSE,FALSE
/home/y2b/2025-26b-fai2-adsai-OleksiiKrasnoshtanov240247/DataLabs/data/raw/Y2B_25/images/train_Myrthe_243703_im1.png,FALSE,FALSE,FALSE
/home/y2b/2025-26b-fai2-adsai-OleksiiKrasnoshtanov240247/DataLabs/data/raw/Y2B_25/images/train_Myrthe_243910_im1.png,FALSE,FALSE,FALSE
/home/y2b/2025-26b-fai2-adsai-OleksiiKrasnoshtanov240247/DataLabs/data/raw/Y2B_25/images/train_Myrthe_244258_im1.png,FALSE,FALSE,FALSE
/home/y2b/2025-26b-fai2-adsai-OleksiiKrasnoshtanov240247/DataLabs/data/raw/Y2B_25/images/train_Myrthe_244913_im1.png,FALSE,FALSE,FALSE
/home/y2b/2025-26b-fai2-adsai-OleksiiKrasnoshtanov240247/DataLabs/data/raw/Y2B_25/images/train_Myrthe_244968_im1.png,FALSE,FALSE,FALSE
/home/y2b/2025-26b-fai2-adsai-OleksiiKrasnoshtanov240247/DataLabs/data/raw/Y2B_25/images/train_Myrthe_245086_im1.png,FALSE,FALSE,FALSE
/home/y2b/2025-26b-fai2-adsai-OleksiiKrasnoshtanov240247/DataLabs/data/raw/Y2B_25/images/train_Myrthe_245533_im1.png,FALSE,FALSE,FALSE
/home/y2b/2025-26b-fai2-adsai-OleksiiKrasnoshtanov240247/DataLabs/data/raw/Y2B_25/images/train_Myrthe_246602_im1.png,FALSE,FALSE,FALSE
/home/y2b/2025-26b-fai2-adsai-OleksiiKrasnoshtanov240247/DataLabs/data/raw/Y2B_25/images/train_Myrthe_246633_im1.png,FALSE,FALSE,FALSE
/home/y2b/2025-26b-fai2-adsai-OleksiiKrasnoshtanov240247/DataLabs/data/raw/Y2B_25/images/val_Karna_232922_im1.png,FALSE,FALSE,FALSE
/home/y2b/2025-26b-fai2-adsai-OleksiiKrasnoshtanov240247/DataLabs/data/raw/Y2B_25/images/val_Karna_240474_im1.png,FALSE,FALSE,FALSE
/home/y2b/2025-26b-fai2-adsai-OleksiiKrasnoshtanov240247/DataLabs/data/raw/Y2B_25/images/val_Karna_240607_im1.png,FALSE,FALSE,FALSE
/home/y2b/2025-26b-fai2-adsai-OleksiiKrasnoshtanov240247/DataLabs/data/raw/Y2B_25/images/val_Karna_240753_im1.png,FALSE,FALSE,FALSE
/home/y2b/2025-26b-fai2-adsai-OleksiiKrasnoshtanov240247/DataLabs/data/raw/Y2B_25/images/val_Karna_240915_im1.png,FALSE,FALSE,FALSE
/home/y2b/2025-26b-fai2-adsai-OleksiiKrasnoshtanov240247/DataLabs/data/raw/Y2B_25/images/val_Karna_241195_im1.png,FALSE,FALSE,FALSE
/home/y2b/2025-26b-fai2-adsai-OleksiiKrasnoshtanov240247/DataLabs/data/raw/Y2B_25/images/val_Karna_241617_im1.png,FALSE,FALSE,FALSE
/home/y2b/2025-26b-fai2-adsai-OleksiiKrasnoshtanov240247/DataLabs/data/raw/Y2B_25/images/val_Karna_241960_im1.png,FALSE,FALSE,FALSE
/home/y2b/2025-26b-fai2-adsai-OleksiiKrasnoshtanov240247/DataLabs/data/raw/Y2B_25/images/val_Karna_242720_im1.png,FALSE,FALSE,FALSE
/home/y2b/2025-26b-fai2-adsai-OleksiiKrasnoshtanov240247/DataLabs/data/raw/Y2B_25/images/val_Karna_242817_im1.png,FALSE,FALSE,FALSE
/home/y2b/2025-26b-fai2-adsai-OleksiiKrasnoshtanov240247/DataLabs/data/raw/Y2B_25/images/val_Karna_243756_im1.png,FALSE,FALSE,FALSE
/home/y2b/2025-26b-fai2-adsai-OleksiiKrasnoshtanov240247/DataLabs/data/raw/Y2B_25/images/val_Karna_244587_im1.png,FALSE,FALSE,FALSE
/home/y2b/2025-26b-fai2-adsai-OleksiiKrasnoshtanov240247/DataLabs/data/raw/Y2B_25/images/val_Karna_244748_im1.png,FALSE,FALSE,FALSE
/home/y2b/2025-26b-fai2-adsai-OleksiiKrasnoshtanov240247/DataLabs/data/raw/Y2B_25/images/val_Karna_244915_im1.png,FALSE,FALSE,FALSE
/home/y2b/2025-26b-fai2-adsai-OleksiiKrasnoshtanov240247/DataLabs/data/raw/Y2B_25/images/val_Karna_246300_im1.png,FALSE,FALSE,FALSE
/home/y2b/2025-26b-fai2-adsai-OleksiiKrasnoshtanov240247/DataLabs/data/raw/Y2B_25/images/val_Uther_211066_im1.png,FALSE,FALSE,FALSE
/home/y2b/2025-26b-fai2-adsai-OleksiiKrasnoshtanov240247/DataLabs/data/raw/Y2B_25/images/val_Uther_233495_im1.png,FALSE,FALSE,FALSE
/home/y2b/2025-26b-fai2-adsai-OleksiiKrasnoshtanov240247/DataLabs/data/raw/Y2B_25/images/val_Uther_234450_im1.png,FALSE,FALSE,FALSE
/home/y2b/2025-26b-fai2-adsai-OleksiiKrasnoshtanov240247/DataLabs/data/raw/Y2B_25/images/val_Uther_235585_im1.png,FALSE,FALSE,FALSE
/home/y2b/2025-26b-fai2-adsai-OleksiiKrasnoshtanov240247/DataLabs/data/raw/Y2B_25/images/val_Uther_236473_im1.png,FALSE,FALSE,FALSE
/home/y2b/2025-26b-fai2-adsai-OleksiiKrasnoshtanov240247/DataLabs/data/raw/Y2B_25/images/val_Uther_240272_im1.png,FALSE,FALSE,FALSE
/home/y2b/2025-26b-fai2-adsai-OleksiiKrasnoshtanov240247/DataLabs/data/raw/Y2B_25/images/val_Uther_240560_im1.png,FALSE,FALSE,FALSE
/home/y2b/2025-26b-fai2-adsai-OleksiiKrasnoshtanov240247/DataLabs/data/raw/Y2B_25/images/val_Uther_240814_im1.png,FALSE,FALSE,FALSE
/home/y2b/2025-26b-fai2-adsai-OleksiiKrasnoshtanov240247/DataLabs/data/raw/Y2B_25/images/val_Uther_241113_im1.png,FALSE,FALSE,FALSE
/home/y2b/2025-26b-fai2-adsai-OleksiiKrasnoshtanov240247/DataLabs/data/raw/Y2B_25/images/val_Uther_241290_im1.png,FALSE,FALSE,FALSE
/home/y2b/2025-26b-fai2-adsai-OleksiiKrasnoshtanov240247/DataLabs/data/raw/Y2B_25/images/val_Uther_241390_im1.png,FALSE,FALSE,FALSE
/home/y2b/2025-26b-fai2-adsai-OleksiiKrasnoshtanov240247/DataLabs/data/raw/Y2B_25/images/val_Uther_241863_im1.png,FALSE,FALSE,FALSE
/home/y2b/2025-26b-fai2-adsai-OleksiiKrasnoshtanov240247/DataLabs/data/raw/Y2B_25/images/val_Uther_243263_im1.png,FALSE,FALSE,FALSE
/home/y2b/2025-26b-fai2-adsai-OleksiiKrasnoshtanov240247/DataLabs/data/raw/Y2B_25/images/val_Uther_243857_im1.png,FALSE,FALSE,FALSE
/home/y2b/2025-26b-fai2-adsai-OleksiiKrasnoshtanov240247/DataLabs/data/raw/Y2B_25/images/val_Uther_246962_im1.png,FALSE,FALSE,FALSE
